id,game,start,end,gap(sec),prev,target,subcategory
59502,europe_uefa-champions-league/2014-2015/2015-04-21 - 21-45 Bayern Munich 6 - 1 FC Porto,01:06,01:19,7,"And Boateng. Trying to get Bernat forward from full-back, and Götze on the end of that pass.","He's got that in his arsenal, Boateng, either left or right, pinging it out to the wide areas, normally looking for the likes of Robben or Ribéry."
105106,germany_bundesliga/2016-2017/2016-09-20 - 21-00 Wolfsburg 1 - 5 Dortmund,12:00,12:15,3,"Mit Raum, mit Platz vorbei an Verenia. Gestoppt von Arnold, der sich da gelb abholt.","Hat noch kein Tor erzielt Dembélé, aber das ist ein fantastisches Talent."
17942,england_epl/2015-2016/2016-02-27 - 18-00 Southampton 1 - 2 Chelsea,37:01,37:04,4,"It's been all change at the back for Chelsea. It may well have suited the centre-back, certainly Ivanovic as we spoke about earlier.","Gary Cahill, probably England's number one choice."
36626,england_epl/2016-2017/2016-12-14 - 22-45 Middlesbrough 0 - 3 Liverpool,43:17,43:23,0,"Mane so close to his eighth of the season. He's Liverpool's top scorer.","Who they will be without of course for January at the Africa Cup of Nations with Senegal."
61390,europe_uefa-champions-league/2014-2015/2015-05-06 - 21-45 Barcelona 3 - 0 Bayern Munich,36:01,36:08,4,"In their last 32 home games in the Champions League, Barcelona have only been beaten once. But, of course, it was by Bayern.","Only two years ago."
35343,england_epl/2016-2017/2016-12-10 - 20-30 Leicester 4 - 2 Manchester City,26:43,26:50,3,"Really quick. The speed of it running backwards was amazing.","But still, when it hits Michael Oliver, it's on the edge of the Leicester box."
1602,england_epl/2014-2015/2015-02-22 - 19-15 Southampton 0 - 2 Liverpool,05:47,05:54,2,"Sterling chases. Had it from Yoshida.","Targeted Lallana, getting involved in a few isolated boos for Adam Lallana there."
119105,italy_serie-a/2014-2015/2015-05-17 - 13-30 Sassuolo 3 - 2 AC Milan,08:31,08:34,4,"24 años ya tiene el jugador. Ya decía de la Roma.","Ha pasado ya por varios equipos en Italia."
196409,spain_laliga/2016-2017/2017-01-29 - 14-00 Betis 1 - 1 Barcelona,06:14,06:41,5,"Prolonga el despeje Dani Ceballos, insiste el Barça con Neymar. Balón tocado de Neymar, ese balón tiene que ser, ese balón es para Antonio Adán.","Pero bien hechas en este caso las vigilancias del Barcelona, saben que tienen que estar muy atentos, sobre todo a la posición de Ruben Castro, que es muy inteligente, lateraliza mucho su posición, con lo cual hace perder de vista a los centrales o intenta separar con esa posición a los centrales."
10645,england_epl/2015-2016/2015-10-31 - 15-45 Chelsea 1 - 3 Liverpool,07:48,08:03,8,"CHEERING We've heard a lot of stories coming out of Chelsea this week, about positive meetings, the training's been good, the performance is improving. You wondered what would happen on the pitch, well, what's happened early is Chelsea have gone ahead and been on top.","What's been so surprising to me are the number of goals Chelsea have conceded, 19 goals this season in the Premier League, that's quite remarkable when Jose Mourinho works so hard on defending."
163425,spain_laliga/2014-2015/2015-04-11 - 17-00 Real Madrid 3 - 0 Eibar,33:32,33:46,5,"Pues desde aquí la perspectiva me impedía precisar sobre quién eran las indicaciones que estaba. No era con Garitano, era directamente con alguien del banquillo, a Garitano le tenía penas a un par de metros.","Varane, Arbeloa, un buen centro de Arbeloa, un gran remate de Chicharito han servido para que el Real Madrid lograra el segundo tanto."
131167,italy_serie-a/2016-2017/2016-10-15 - 16-00 Napoli 1 - 3 AS Roma,12:07,12:25,0,"Ну, понятно, приехал из Алжира. 25 лет.","Семь матчей провёл."
2915,england_epl/2014-2015/2015-05-17 - 18-00 Manchester United 1 - 1 Arsenal,05:13,05:15,2,"Es muy arriesgado hacer eso. Puedes cometer un error que ha estado a punto de costarle caro al equipo.","La verdad, lo ha comentado mucho Van Gaal."
188976,spain_laliga/2016-2017/2016-10-15 - 17-15 Barcelona 4 - 0 Dep. La Coruna,01:55,02:29,5,"Sidney, tocando atrás ante la presión de Busquets, se la quita de encima por Otolux, mete la cabeza Matié, hace lo propio Neymar, la revienta al Ventosa, intenta bajarla Mascherano, quién se la queda, toca de cabeza Piqué, la pelota que aún no toca, el suelo, mal control de Mosquera, la recuperación del FC Barcelona, este es Busquets. Saliendo por la derecha con Arda Turan.","Esta forma de jugar obliga mucho, sobre todo a los jugadores que juegan dentro, cuando vas a robar el balón, a abrir mucho el campo rápidamente para intentar darle amplitud, para evitar que ese espacio pequeño, como ahora se están esas disputas de balones en muy poquitos sitios, el partido se juega en muy pocos metros, necesitas más amplitud, más metros y eso lo da después del robo, el abrir el campo y buscar más amplitud."
15037,england_epl/2015-2016/2016-01-13 - 22-45 Chelsea 2 - 2 West Brom,12:24,12:32,0,"They won at home against Newcastle thanks to Darren Fletcher's late winner. It's he who stabs to Olsen here.","Johnny Evans won it against Stoke in injury time."
32527,england_epl/2016-2017/2016-11-06 - 17-15 Liverpool 6 - 1 Watford,01:12,01:24,13,"That's Amr Abad who's holding him off and playing it against him. That's a decent ball in from James Milner, playing it left-back, predominantly right-footed, he will be able to step onto his right foot and deliver those decent balls into the box, so players like Mane can take a chance at the far post, because they know his delivery is going to be decent.","The last defeat suffered by both these teams was 2-0 against Burnley, Liverpool have been on an 11-match unbeaten run since theirs, eight of them in the Premier League."
71635,europe_uefa-champions-league/2015-2016/2015-11-03 - 22-45 Manchester United 1 - 0 CSKA Moscow,33:14,33:24,5,"They got a win in Manchester last season, that's CSKA when they beat Manchester City. The man who got the two goals that night, Sadio Dumbia, is only on the bench.","It was aided significantly by the fact that Fernandinho and Yaya Touré were both sent off."
121919,italy_serie-a/2015-2016/2015-11-07 - 22-45 AC Milan 0 - 0 Atalanta,19:50,20:05,8,"Let's give you an idea. 14 coaches since Bellini first stepped in at Adelanto.","It might be a cauldron that produces a ton of talent in Italy but they like a different chef every so often."
106666,germany_bundesliga/2016-2017/2016-10-29 - 19-30 Dortmund 0 - 0 Schalke,06:17,06:24,4,"Exzellente Spielmöglichkeit. Exzellente Spielmachung von Di Santo.","Vergangene Woche beim 3-0 gegen Mainz."
179420,spain_laliga/2015-2016/2016-04-16 - 17-00 Getafe 1 - 5 Real Madrid,17:25,17:38,3,"El partido que empieza a abrirse y a estas alturas de encuentro es llamativo que haya tantos espacios. Kroos.","Sí, porque el Getafe cuando llega al Real Madrid, la verdad es que los tres de arriba sobre todo, más James y nuevamente Isco, pues cuando tienen el balón no se lo piensan, van directamente para arriba."
182167,spain_laliga/2016-2017/2016-08-20 - 19-15 Barcelona 6 - 2 Betis,07:33,07:37,2,"Esa pelota terminó en la portería de Adán. Ya gana el Barça.","Siete de la primera parte, 1-0."
208599,spain_laliga/2016-2017/2017-04-29 - 17-15 Real Madrid 2 - 1 Valencia,32:02,32:18,8,"Toni Kroos, ha visto el desmarque de Marcelo, recibe el brasileño, la pone Marcelo, llegó a tocar Munir, el saque de banda. Esa es la vía por la que el Real Madrid intenta desequilibrar con más frecuencia los centros.","Así llegó el gol y están cayendo de izquierda y de derecha, porque por adentro le cuesta mucho encontrar espacio al Real Madrid."
10642,england_epl/2015-2016/2015-10-31 - 15-45 Chelsea 1 - 3 Liverpool,07:08,07:28,14,"The flag is up, though, it wouldn't have counted. Yeah, it was just a little bit far out for Willian to have a shot, and it's Zouma that's actually offside, and he makes the action towards the ball, and that's a jump, brings him into an offside position.","Here's Coutinho, he's not been really in his best form so far this season, left out of the most recently named Brazilian squad for an upcoming game against Argentina, World Cup qualifier that too."
156677,italy_serie-a/2016-2017/2017-04-24 - 21-45 Pescara 1 - 4 AS Roma,31:00,31:05,3,"И это уже не в первый раз можно увидеть. Больше получаса в игре позади.","0-0 по-прежнему."
90250,france_ligue-1/2016-2017/2017-01-21 - 19-00 Nantes 0 - 2 Paris SG,01:44,02:00,5,"Et puis forcément quand on gagne, quand on enchaîne, on a de la confiance, on a de l'envie, de l'enthousiasme. Et ça se voit dans ce début de match.","Voilà la maîtrise parisienne au milieu avec Verratti et Thiago Mota qui a été mis vraiment sous pression par le pressing nantais et notamment Valentin Rongier."
123956,italy_serie-a/2016-2017/2016-08-27 - 21-45 Napoli 4 - 2 AC Milan,19:34,19:46,0,"Почему? Для Мантелло этот сезон очень и очень важен.","Потому что он должен убедить новое руководство в том, что это тот человек, под которого можно потратить 300 миллионов евро и купить игроков."
88581,europe_uefa-champions-league/2016-2017/2017-04-12 - 21-45 Bayern Munich 1 - 2 Real Madrid,11:34,11:40,1,"De hacerse dueño del partido. Ha parado ya el Real Madrid de esa intención.","Y ahora tiene largas posesiones."
15602,england_epl/2015-2016/2016-01-23 - 20-30 West Ham 2 - 2 Manchester City,11:13,11:24,16,"So double trouble for West Ham with not only the concession of the penalty, but the injury that looks like it will end Jenkinson's involvement in the game. And Sam Byron, whom Slavon Berger has been a fan of for a long time, Sam Byron, whom Slavon Berger admitted this week when he signed him, was being bought for the future and very much with next season in mind, is being called to step up much earlier than that.","I've seen Sam Byron play a lot in the Championship, he's a very composed player, versatile as well, can play at right-back where he's gonna play here, he can play at centre-half in midfield as well."
152,england_epl/2014-2015/2015-02-21 - 18-00 Chelsea 1 - 1 Burnley,11:56,12:02,5,"A Obi Mikel también le veíamos con corbata porque oficialmente es el único lesionado del equipo. John Obi Mikel ahora mismo.","Un Chelsea que solo ha cedido un empate en Liga."
158047,italy_serie-a/2016-2017/2017-05-06 - 19-00 Napoli 3 - 1 Cagliari,32:10,32:22,4,"Это чуть ли не первая тема для обсуждения, когда в газетах появляются какие-то заметки про Наполи. Но сегодня напомним Мертенсу свой персональный праздник.","День рождения."
64977,europe_uefa-champions-league/2015-2016/2015-09-16 - 21-45 Bayer Leverkusen 4 - 1 BATE,34:15,34:22,4,"В каждый сезон 2-3 травмы обязательно бывают у Свена Бендера. И у Ларса Бендера, соответственно, тоже.","Очень больно."
136182,italy_serie-a/2016-2017/2016-10-30 - 17-00 Empoli 0 - 0 AS Roma,02:28,02:40,0,"Нет Флоренции. Думали, гадали, кем заменить.","В результате Рюдегер вышел на левом фланге, а Эмерсон сыграет сегодня справа."
106339,germany_bundesliga/2016-2017/2016-10-22 - 16-30 Ingolstadt 3 - 3 Dortmund,06:21,06:32,2,"Alles korrekt. Dann ist er dran, wird überhaupt nicht attackiert.","Und macht nach 5,5 Jahren mal wieder ein Bundesligator das erste für den FC Ingolstadt."
180860,spain_laliga/2015-2016/2016-04-20 - 23-00 Real Madrid 3 - 0 Villarreal,43:30,43:54,2,"Ahora cuando ya vemos que el bomba fuera, ya parte y solo, pero no es tan fácil el pase como que reto mamba a Bakambú. Y una vez más Keylor Nava demostrando que es portero para el Real Madrid de sobra.","Porque tiene eso que tienen los porteros de los equipos dominadores, que a veces tiene que participar, solo a veces, pero son exigentes esas ocasiones y la verdad es que Keylor Nava reacciona fenomenalmente bien ante las oportunidades que le generan los contrarios."
4480,england_epl/2015-2016/2015-08-16 - 18-00 Manchester City 3 - 0 Chelsea,12:57,13:01,4,"We've got some problems Chelsea down that side, Gary Cahill's getting pulled out into positions that you wouldn't normally see Chelsea centre-backs. City have been the brighter.","They scored in the opening seconds."
94190,france_ligue-1/2016-2017/2017-04-14 - 21-45 Angers 0 - 2 Paris SG,29:49,29:54,2,"Il le montre même de la main. Je te promets, j'ai pas essayé de frapper.","Mais ça se voyait un petit peu."
175142,spain_laliga/2015-2016/2015-09-26 - 19-15 Real Madrid 0 - 0 Malaga,14:20,14:36,6,"Kroos e Isco, Isco que ha visto venir a Pablo, metió el cuerpo y luego cambió el ritmo, Isco hacia Cristiano, devuelve la pared, Isco que busca la rosca en el disparo, Gesé probablemente estaba en mejor posición. Sí, si hubiera intentado buscar a Gesé con un control orientado prácticamente estaba dentro del área, pero muy bien el cambio de ritmo que ha hecho Isco, la combinación con Cristiano.","Bueno, yo creo que el Málaga está apretándoles arriba para que juegue el balón largo como hizo el Granada y el Real Madrid pues está controlando bien esa segunda parte del juego."
23514,england_epl/2015-2016/2016-05-07 - 17-00 Sunderland 3 - 2 Chelsea,36:57,37:04,11,"Kershav. Bereni who scored against Chelsea at Stamford Bridge this season.","Chelsea were comfortable 3-1 winners."
199658,spain_laliga/2016-2017/2017-02-26 - 22-45 Villarreal 2 - 3 Real Madrid,40:48,40:50,1,"Pepe para Kroos. Kroos atrás para Lucas Modri.","La mano de Samu Castillejo."
2191,england_epl/2014-2015/2015-04-11 - 19-30 Burnley 0 - 1 Arsenal,05:25,05:34,9,"Pues termina rematando alto el chileno. Qué jugada el primer toque, combinaciones entre tres jugadores, entre Özil, Giroud que descarga, vamos a ver aquí, primer toque, primer toque, es casi todo el primer toque.","Otro primer toque, el único que da dos toques en la jugada es Alexis, luego verdad que le cae un rechace del defensor."
8122,england_epl/2015-2016/2015-09-20 - 18-00 Southampton 2 - 3 Manchester United,26:31,26:41,2,"He just goes down, throws himself to the ground. Not a penalty.","Offense."
133552,italy_serie-a/2016-2017/2016-10-26 - 21-45 Napoli 2 - 0 Empoli,00:09,00:13,4,"Пепе Рейна, 25 номер в воротах Наполи. Сотый матч за клуб он сегодня проводит.","У него сегодня юбилей."
762,england_epl/2014-2015/2015-02-21 - 18-00 Crystal Palace 1 - 2 Arsenal,00:38,00:51,8,"По состоянию на текущий момент Arsenal занимает 5 место и набрал 45 очков. К этому моменту впереди только Southampton, Manchester United, Manchester City и Chelsea.","Southampton имеет 46 очков в активе."
144659,italy_serie-a/2016-2017/2017-01-21 - 22-45 AC Milan 1 - 2 Napoli,18:55,19:10,6,"Лоренцо Тоннелли, вот возможность о нем побеседовать, он коснулся мяча, потому что в остальном, конечно, без напряжения играет оборона Наполе, но… Гамшек действует, обратите внимание, вот сейчас второе касание себе позволил, до этого в одно. Здесь на неделе мы досмотрим атаку, чтобы отвлечься на обстоятельства вне игровой, но вне времены, тем не менее.","Диего Марадона посетил Неаполь, приняв участие в церемонии, которая сделала его, собственно говоря, формально символом города и команды."
4380,england_epl/2015-2016/2015-08-16 - 18-00 Manchester City 3 - 0 Chelsea,03:11,03:22,16,"And here's Cahill. Certainly there hasn't been too much about this game talked about down in the Cobham area in Surrey at the press conference with Jose Mourinho on Friday.","It was all about other matters, medical matters."
177682,spain_laliga/2015-2016/2016-03-20 - 22-30 Real Madrid 4 - 0 Sevilla,21:40,21:45,2,"La vuelve Cristiano. Sergio Rico.","Gran parada de Sergio Rico y gran remate de Cristiano en carrera."
184749,spain_laliga/2016-2017/2016-08-28 - 21-15 Ath Bilbao 0 - 1 Barcelona,28:57,29:01,1,"Ves? Capítulo de obstrucción.","Capítulo de falta."
24154,england_epl/2016-2017/2016-08-14 - 18-00 Arsenal 3 - 4 Liverpool,37:14,37:20,6,"Mane-Alai not really going for it. Believe it or not, Arsene Wenger facing Liverpool for the 50th time as manager of Arsenal.","Some Premier League managers don't get 50 games in total."
18507,england_epl/2015-2016/2016-03-02 - 23-00 Liverpool 3 - 0 Manchester City,13:57,14:07,5,"There's certainly more flow about Liverpool, though, in the early moments of this one. Yeah, definitely the better start from Liverpool, down that right-hand side in particular.","Neat passing, as soon as Origi plays out wide, he's got to get in the box, and I think Firmino was just in an offside position, even if he had latched onto it."
15430,england_epl/2015-2016/2016-01-13 - 22-45 Chelsea 2 - 2 West Brom,40:57,41:01,3,"Be very careful. Well they've had discipline let them down recently.","Their home defeat against Bournemouth."
43569,europe_uefa-champions-league/2014-2015/2014-11-04 - 20-00 Zenit Petersburg 1 - 2 Bayer Leverkusen,11:40,11:54,5,"Dani immer noch. Und dann war der Portugiese als letzter dran.","Gebürtiger Brasilianer beim FC Porto wurde er eingebürgert."
21335,england_epl/2015-2016/2016-04-09 - 17-00 Swansea 1 - 0 Chelsea,39:19,39:24,4,"Montero, a real buzz around the stadium when he picks up possession. Miaska, will he foul him?","Yes, he did, and that'll be a yellow card for the American centre-half."
20495,england_epl/2015-2016/2016-03-20 - 19-00 Manchester City 0 - 1 Manchester United,10:07,10:20,5,"There's no slouch, but over five yards, Aguero's so quick. Poor free kick from Yaya Toure.","City looking for their 50th derby win in all major competitions, United 170."
140362,italy_serie-a/2016-2017/2016-11-26 - 22-45 Empoli 1 - 4 AC Milan,02:51,02:58,9,"На флангах играют 20-й Игнацию Аббат и 2-й Матия Дешили. Ну, кстати, по левому флангу, по флангу Матия Дешили пришла эта атака.","В полузащите 73-й номер Мануэль Локотелли, 80-й Марио Пашелевич."
71343,europe_uefa-champions-league/2015-2016/2015-11-03 - 22-45 Benfica 2 - 1 Galatasaray,44:06,44:10,2,"Benfica, Connors. İlk yarına son dakika.","Tansiyonu yükseldiği anlar yaşanıyor Luizão ile."
158691,italy_serie-a/2016-2017/2017-05-07 - 21-45 AC Milan 1 - 4 AS Roma,28:48,29:02,5,"И вот, как всегда, Эдин Джеко не успевает выиграть. Но настолько ему не хватает стабильности, что порой выпадает из игры.","Да, Милан останется на шестом месте даже в случае, если сегодня проиграет."
69539,europe_uefa-champions-league/2015-2016/2015-09-29 - 21-45 Lyon 0 - 1 Valencia,34:19,34:26,3,"Ils avaient pourtant été avertis les Lyonnais. Et cette fois c'est sur le poteau d'Anthony Lopez.","Deux fois les mêmes pour deux fois quasiment un but."
98144,germany_bundesliga/2014-2015/2015-05-09 - 16-30 Dortmund 2 - 0 Hertha Berlin,19:14,19:34,11,"Drückt sich auch im Torschussverhältnis aus. Bislang aktuell Dortmund mit 4, bei Hertha steht dann noch die 0.","Da ist der Armenia gegen Langkamp gestoppt."
67266,europe_uefa-champions-league/2015-2016/2015-09-29 - 21-45 Arsenal 2 - 3 Olympiakos Piraeus,24:43,24:54,0,"Raczej ją wprowadza. A teraz proszę długi przerzut.","Niecelny, choć Olympiacos cały czas przy piłce."
49809,europe_uefa-champions-league/2014-2015/2015-02-17 - 22-45 Paris SG 1 - 1 Chelsea,11:34,11:40,4,"Once he gets across the halfway line and he makes his decision, he really wants to drive into the box. He's extremely dangerous.","He was reportedly nursing an injury which made him a doubt for tonight."
201671,spain_laliga/2016-2017/2017-03-18 - 18-15 Ath Bilbao 1 - 2 Real Madrid,09:00,09:11,2,"Es fuera de juego, lo señala el juez de línea. En el momento en el que Cristiano remataba se queja el futbolista portugués que había visto entrar la pelota para convertirse en el 0 a 1.","Pero no lo dudó el asistente, la jugada no valía, el gol no sube el marcador."
35779,england_epl/2016-2017/2016-12-11 - 19-30 Liverpool 2 - 2 West Ham,19:38,19:49,7,"It was extraordinary what happened down at Bournemouth. It's only the second time in Liverpool's Premier League history that they've thrown away a 2-0 half-time lead.","Both times have been this year, and both times on the south coast, it was Southampton at the back end of last season, and Bournemouth a week ago."
82126,europe_uefa-champions-league/2016-2017/2016-09-28 - 21-45 Napoli 4 - 2 Benfica,00:13,00:18,7,"Тут же забирают неблетанцы мяч себе и вперед на Милика. Милик принимает мяч в тротной.","Аркадьев Милик первый удар поворотом на 17 секунде нанесен."
82455,europe_uefa-champions-league/2016-2017/2016-09-28 - 21-45 Napoli 4 - 2 Benfica,16:43,16:52,0,"Николай Максимович, кстати, добавил рост. Метр 93.","Он в высоту и с ним, может быть, даже лучше в этом смысле, чем с Рауним Эльбиолем."
11182,england_epl/2015-2016/2015-11-07 - 18-00 Manchester United 2 - 0 West Brom,10:38,10:50,4,"Combina Smolin con Michael Carrick. Martial protege, suelta el balón bien para Marcos Rojo.","Llega Alíngar, el que aparece en escena, posesión larguísima, posesión prácticamente interminable desde que comenzó el partido."
189182,spain_laliga/2016-2017/2016-10-15 - 17-15 Barcelona 4 - 0 Dep. La Coruna,23:22,23:36,4,"Veremos en el descanso si hay alguna modificación en el Deportivo. Pero ha estado mucho tiempo calentando arriba por el golpe que se ha llevado su compañero en esa acción con Luis Suárez.","Un jugador que por cierto, aunque fuera de forma más o menos vaga, acabó sonando en ciertas informaciones periodísticas para incorporarse al FC Barcelona este pasado verano."
170201,spain_laliga/2014-2015/2015-05-17 - 20-00 Atl. Madrid 0 - 1 Barcelona,17:40,17:45,0,"Puede disparar. La toca a la frontal.","Ahí va el disparo de Messi."
202765,spain_laliga/2016-2017/2017-04-02 - 17-15 Real Madrid 3 - 0 Alaves,27:17,27:26,5,"Se la saque de banda para Danilo. Algún detalle, José, que nos llega de modo de información sobre la situación de Varane.","Molestias en el muslo izquierdo."
43167,england_epl/2016-2017/2017-05-06 - 17-00 Leicester 3 - 0 Watford,30:50,31:02,11,"He's just taking too many touches, slowing the game down, which allows Watford to get back into the shape. Questions about the future of the Watford head coach, Walter Mazzarri.","There's been one or two stories this week suggesting that Leicester might struggle to hold on to Riyad Mahrez and also Schmeichel and Gray."
165303,spain_laliga/2014-2015/2015-04-25 - 17-00 Espanyol 0 - 2 Barcelona,26:40,27:03,7,"I'm hoping Luis Enrique gets the credit he deserves and I bang on about it quite a bit but... The way this Barca side has been pressing of late against PSG today, they just look that much better than last year.","The thing is, last season and the season before you got the impression in the last two or three months for example 2013 Barca played Bayern in the last 7-0 in aggregate got the impression of a side running on empty even though they ended up winning the league."
112332,germany_bundesliga/2016-2017/2017-04-15 - 16-30 Dortmund 3 - 1 Eintracht Frankfurt,18:49,19:02,26,"Also die Frankfurter Hintermannschaft unheimlich erratisch unterwegs. In diesen ersten 18,5 Minuten hier nochmal die Aktion von Shinji Kagawa, der dann letztendlich an Radetzky scheitert, weil sie nicht wach genug sind und eben auf diesen zweiten Ball nicht drauf gehen, die Frankfurter.","Freddy Bobic hat ja drei Jahre für den BVB gespielt, besser gesagt zweieinhalb."
148884,italy_serie-a/2016-2017/2017-02-19 - 20-00 AS Roma 4 - 1 Torino,21:12,21:20,3,"Насколько я помню. Возвращаясь к моменту с голом, все-таки дотянулся до мяча Джо Харт.","Но вот этот отскок от газона, он еще дополнительное ускорение придал."
57640,europe_uefa-champions-league/2014-2015/2015-04-14 - 21-45 Juventus 1 - 0 Monaco,06:08,06:12,1,"Carlos Tevez. You can't give him that shooting space outside the area.","Good stop."
34331,england_epl/2016-2017/2016-11-26 - 18-00 Liverpool 2 - 0 Sunderland,22:22,22:28,3,"Sloppy start by Liverpool so far. Not playing with their usual zip.","And we've seen them being a little bit fragile at set pieces this season."
42316,england_epl/2016-2017/2017-04-26 - 21-45 Arsenal 1 - 0 Leicester,13:25,13:35,3,"Okay, he's got a Premier League winner's medal in the bag and England international, but still, I think he could go to a higher placed team than this one. And he wouldn't be out of place.","He took the big decision to leave Manchester United because there are so many top quality midfielders in the queue ahead of him at Old Trafford."
160555,italy_serie-a/2016-2017/2017-05-20 - 21-45 Napoli 4 - 1 Fiorentina,31:21,31:30,5,"По сути, моментов не было. Да, удар, после которого Рейна свою команду спас, был.","Но в остальном моментов пока что у Фиорентины нет."
90057,france_ligue-1/2014-2015/2015-04-05 - 22-00 Marseille 2 - 3 Paris SG,28:04,28:19,2,"Berati turning into trouble. It's intense at the moment but the final ball lacking as we saw there with Florian Thauvin.","Marseille yet to create a genuine chance."
60532,europe_uefa-champions-league/2014-2015/2015-05-05 - 21-45 Juventus 2 - 1 Real Madrid,13:16,13:34,5,"The same during his spell as coach at Milan. They weren't keen on him when he first arrived were they?","No he was a very unpopular successor to Antonio Conte."
8963,england_epl/2015-2016/2015-09-26 - 17-00 Leicester 2 - 5 Arsenal,43:15,43:19,4,"En revanche, il faudra surveiller au deuxième poteau parce que ça va plonger évidemment vers Tchek. Olbrighton et Morgane !","C'était exactement ça au deuxième poteau."
97244,germany_bundesliga/2014-2015/2015-05-09 - 16-30 Bayern Munich 0 - 1 FC Augsburg,00:32,00:41,7,"En el Augsburgo, Hitz es el portero. Berag, lateral derecho, el coreano Hong junto a Klavan en el centro de la zaga con Babá a la izquierda.","Centro del campo para Kohl, Bayern y Altingdorf con Feulner y Svain en las bandas."
156781,italy_serie-a/2016-2017/2017-04-24 - 21-45 Pescara 1 - 4 AS Roma,39:03,39:13,7,"Пескара была оштрафована штрафным ударом. Ну вот сейчас еще один штрафной.","Мунтари, по-моему, получает вторую желтую карточку в этом матче."
103009,germany_bundesliga/2015-2016/2016-01-31 - 19-30 Bayern Munich 2 - 0 Hoffenheim,42:11,42:19,20,"Es ist eine Schwäche. Im Schnitt ist es so, dass die Bayern pro Partie zwei Torschüsse zulassen.","Neuer ist gefordert."
79826,europe_uefa-champions-league/2015-2016/2015-11-25 - 22-45 Malmo FF 0 - 5 Paris SG,30:54,30:56,1,"Et l'autre joueur dans son registre. Vous pouvez prendre Zidane.","Qui n'avait pas très très beau moment de but."
39051,england_epl/2016-2017/2017-01-02 - 18-00 Sunderland 2 - 2 Liverpool,30:11,30:18,3,"Gullopoci, I think the player who was flagged off. Yeah, second time he's been well offside for me.","Just dipping in, you can see another clear one."
64328,europe_uefa-champions-league/2015-2016/2015-09-16 - 21-45 AS Roma 1 - 1 Barcelona,38:35,38:40,5,"Barca trying as usual to pass Roma to death. 70% to 30% possession.","1-1 on goals."
24361,england_epl/2016-2017/2016-08-20 - 17-00 Burnley 2 - 0 Liverpool,05:14,05:17,1,"Sam Boatsey. Not often we see that.","Andre Gray passing to Boatse and Boatse scoring."
52121,europe_uefa-champions-league/2014-2015/2015-02-24 - 22-45 Manchester City 1 - 2 Barcelona,31:21,31:30,3,"Pellegrini's got some work to do at half-time. Hopefully they get to half-time at 2-0.","Because the way it's going, Barcelona are completely dominating possession like we thought they would."
99716,germany_bundesliga/2015-2016/2015-09-12 - 16-30 Bayern Munich 2 - 1 FC Augsburg,19:44,19:56,3,"Ganz stark. Der zuletzt beim 0-1 gegen Ingolstadt beim Gegentor nicht gut aussah.","Vertrag verlängert bis 2019."
145152,italy_serie-a/2016-2017/2017-01-22 - 22-45 AS Roma 1 - 0 Cagliari,07:34,07:37,2,"У мяча Даниэль Дероси. Восьмая минута матча.","Рома Калири пока 0-0."
63373,europe_uefa-champions-league/2015-2016/2015-09-15 - 21-45 Real Madrid 4 - 0 Shakhtar Donetsk,22:53,23:16,12,"Pelota que juega en la frontal del área, viene Piatov, el balcón, desde ahí sale ahora el meta ucraniano, la pone arriba, larga, buscando la espalda de Ramos, va a saltar, mete la cabeza a Ramos, cayó Ramos, recupera Marcelo. Marcelo contra Marlos, la juega arriba, el balón dividido lo quiere cazar Cristiano, pero se lo va a llevar Fred, recupera Shakhtar.","No es fácil quitarle la pelota al Shakhtar, es más fácil apretarles arriba y quizás quitarle el balón a los centrales, a los defensas en inicio de juego, que a los jugadores de arriba, porque todos tienen un porcentaje muy alto de acierto en el pase, toman buenas decisiones."
77954,europe_uefa-champions-league/2015-2016/2015-11-25 - 20-00 CSKA Moscow 0 - 2 Wolfsburg,13:59,14:08,4,"A member of the team that won the Bundesliga and has competed in the Champions League. The likes of Edin Dzeko and Graffiti.","They finished third in their group under Armin Vey."
9061,england_epl/2015-2016/2015-09-26 - 17-00 Liverpool 3 - 2 Aston Villa,04:33,04:41,2,"Руди Жестет забил в втором тайме. И в общем, вот он сейчас на ваших экранах.","Стал героем Астанвиллы в этот вечер."
54935,europe_uefa-champions-league/2014-2015/2015-03-11 - 22-45 Bayern Munich 7 - 0 Shakhtar Donetsk,05:19,05:27,17,"And it is a corner off Götze. Shakhtar looking to make something happen here.","They have got another corner as Luis Adriano challenged."
11236,england_epl/2015-2016/2015-11-07 - 18-00 Manchester United 2 - 0 West Brom,13:27,13:35,3,"Sí impresiona ese 86%, por supuesto. Pero lo importante es crear ocasiones.","Son dos equipos que crean muy pocas ocasiones."
115358,italy_serie-a/2014-2015/2015-04-25 - 21-45 Inter 2 - 1 AS Roma,31:13,31:25,14,"He's been able to produce the results that we saw last term. The idea was to spring on the counter-attack, get the players in behind, opposing the team's back-forward.","The opponent has been sitting deep, letting Roma keep possession, so the run-out of ideas has worked."
124723,italy_serie-a/2016-2017/2016-09-11 - 16-00 AC Milan 0 - 1 Udinese,02:54,03:07,7,"В воротах Арестис Карнезис. Это в свою очередь тот человек, который в составе сборной Греции провел также матч отборочного цикла.","Греки играли на выезде против Гибралтара."
206584,spain_laliga/2016-2017/2017-04-23 - 21-45 Real Madrid 2 - 3 Barcelona,35:05,35:07,4,"Viene con la pelota Karim Benzema para jugar en corto sobre la posición de Marcelo. Marcelo que encara.","Recorta el primero."
171683,spain_laliga/2014-2015/2015-05-23 - 21-30 Real Madrid 7 - 3 Getafe,38:14,38:58,126,"Se recupera sin problemas Arbeloa justo antes del lanzamiento de penalti por parte de Cristiano Ronaldo Pepe se acercó hasta la zona de banquillos con molestias a la altura del glúteo izquierdo ese puede ser el motivo por el cual Rafael Varane ya lleve calentando desde hace unos minutos. Precaución por parte del Real Madrid Pepe reflejando molestias y Varane que hoy no ha sido titular como opción de recambio se equivoca Javier Hernández le esperaba para robar Freddy Nestroza Diego Castro Nestroza, Nestroza muy rápido jugando con Escudero que se suma bien al ataque el centro de Escudero pues le faltó una zancada para llegar a zona de remate a Pablo Sarabia el Getafe está desplegándose en ataque con mucha gente el Getafe va a hacer un partido bueno interesante posiblemente van a terminar bien porque es una motivación jugar en el Bernabéu y tiene grandes jugadores si el Madrid sin balón no se aplica pues al final el Getafe se encuentra cómodo puede correr tiene jugadores para poder combinar el saque de portería de Iker Casillas que volvió a transformarse en un acontecimiento en el que se mezclaban reacciones encontradas corta Naldo no llega Pedro León, Kroos, Nacho Toni Kroos, Illarra, Mendy, Cristiano Ronaldo salió a buscarle Naldo la pelota de Illarra Marcelo llega solo Marcelo en el área Marcelo que centra Vigaray corta de momento otra vez Marcelo ahora con la diestra una pelota peligrosa se preparaba para la chilena Cristiano deja para Chicharito rebota en Naldo y al final el alivio para el Getafe se lo da Juan Rodríguez Marcelo, James y Marcelo pensando en salida se encuentra el túnel que balón para Gesege se atrás recibe Cristiano, Cristiano arbeló hacia hacer un lío y de todo esto Inestroza sale favorecido contra del Getafe que pase de Marcelo con un túnel incluido dejando solo al compañero Pablo Sarabia, Pepe rebaña la pelota y creo que termina de romperse Roberto.","En la anterior ocasión como os indicaba cuando fue el penalti de Cristiano Ronaldo ya se acercó a la zona de banquillos a que le mirasen los médicos tenía lo dicho molestias a la altura del glúteo izquierdo más que el glúteo ya lo vemos como es un poquito la zona más baja ya la zona del muslo así que el Real Madrid probablemente se ha obligado a realizar el cambio de hecho ya estaban incluso listo y dispuesto se ha quitado el peto va a realizar el cambio el Real Madrid Pepe que ha hecho el último servicio al imperio blanco como indice cortando esta jugada en la cual ha terminado de romperse el central."
29458,england_epl/2016-2017/2016-10-17 - 22-00 Liverpool 0 - 0 Manchester United,04:45,04:54,6,"They're concerned about maybe the number of challenges going in, he could have let Manchester United play on there. Herrera.","That's the best goal for Ibrahimovic, and there's another tackle, and Liverpool are clearly out to make fire with fire."