id,game,half,start,end,text
0,england_epl/2015-2016/2015-08-29 - 17-00 Chelsea 1 - 2 Crystal Palace,1,0.888,3.909, Chelsea won this fixture 1-0 at Stamford Bridge back in May.
1,england_epl/2015-2016/2015-08-29 - 17-00 Chelsea 1 - 2 Crystal Palace,1,4.61,7.831,To claim the Barclays Premier League title with three games remaining.
2,england_epl/2015-2016/2015-08-29 - 17-00 Chelsea 1 - 2 Crystal Palace,1,9.812,13.693,Jose Mourinho's team had arguably done their best work in the early part of the campaign.
3,england_epl/2015-2016/2015-08-29 - 17-00 Chelsea 1 - 2 Crystal Palace,1,14.874,24.518,A 14 game unbeaten run which took them six points clear of the top by early December.
4,england_epl/2015-2016/2015-08-29 - 17-00 Chelsea 1 - 2 Crystal Palace,1,24.598,25.118,Here's Punchin.
5,england_epl/2015-2016/2015-08-29 - 17-00 Chelsea 1 - 2 Crystal Palace,1,27.799,30.14,Zaha now to provide the width.
6,england_epl/2015-2016/2015-08-29 - 17-00 Chelsea 1 - 2 Crystal Palace,1,31.837,35.76," Put behind by Ivanovic, it is a first-minute corner for Crystal Palace."
7,england_epl/2015-2016/2015-08-29 - 17-00 Chelsea 1 - 2 Crystal Palace,1,36.481,39.704,He had a chat with Alan Pardew down in the media room before the game.
8,england_epl/2015-2016/2015-08-29 - 17-00 Chelsea 1 - 2 Crystal Palace,1,39.744,41.425,He said they were going to take the game to Chelsea.
9,england_epl/2015-2016/2015-08-29 - 17-00 Chelsea 1 - 2 Crystal Palace,1,41.465,42.246,"Hope they do, Tony."
10,england_epl/2015-2016/2015-08-29 - 17-00 Chelsea 1 - 2 Crystal Palace,1,42.326,45.989,It will prove to be a good Palace fear.
11,england_epl/2015-2016/2015-08-29 - 17-00 Chelsea 1 - 2 Crystal Palace,1,46.229,47.05,No-one at the moment.
12,england_epl/2015-2016/2015-08-29 - 17-00 Chelsea 1 - 2 Crystal Palace,1,47.951,51.174,"And Chelsea, well, they need to pick it up, obviously."
13,england_epl/2015-2016/2015-08-29 - 17-00 Chelsea 1 - 2 Crystal Palace,1,54.977,56.878,Konowika poised on the edge of the penalty area.
14,england_epl/2015-2016/2015-08-29 - 17-00 Chelsea 1 - 2 Crystal Palace,1,57.959,58.54,Here's Saka.
15,england_epl/2015-2016/2015-08-29 - 17-00 Chelsea 1 - 2 Crystal Palace,1,61.616,89.137," let's get another corner who's arrived from Wolverhampton Wanderers where he was top scorer in the championship last season his most productive season and he scored against Aston Villa last weekend Kale with Delaney for company almost on the toes of Curdwell the Chelsea goalkeeper in by puncher, now by Ivanovic"
16,england_epl/2015-2016/2015-08-29 - 17-00 Chelsea 1 - 2 Crystal Palace,1,91.408,92.489, Picked up by Suarez.
17,england_epl/2015-2016/2015-08-29 - 17-00 Chelsea 1 - 2 Crystal Palace,1,95.412,97.033,Penalty coming back from an offside position.
18,england_epl/2015-2016/2015-08-29 - 17-00 Chelsea 1 - 2 Crystal Palace,1,97.994,100.036,"Just what you want as well on the wayside, Tony."
19,england_epl/2015-2016/2015-08-29 - 17-00 Chelsea 1 - 2 Crystal Palace,1,100.056,102.558,Just out of it in the opposition's last third.
20,england_epl/2015-2016/2015-08-29 - 17-00 Chelsea 1 - 2 Crystal Palace,1,102.578,104.139,Right in the early stages of the game.
21,england_epl/2015-2016/2015-08-29 - 17-00 Chelsea 1 - 2 Crystal Palace,1,104.219,106.962,Too many teams just come to Chelsea and just sit back.
22,england_epl/2015-2016/2015-08-29 - 17-00 Chelsea 1 - 2 Crystal Palace,1,107.042,109.104,I've really been looking forward to this game all week.
23,england_epl/2015-2016/2015-08-29 - 17-00 Chelsea 1 - 2 Crystal Palace,1,109.124,112.346,I think really Palace can give Chelsea a game this afternoon.
24,england_epl/2015-2016/2015-08-29 - 17-00 Chelsea 1 - 2 Crystal Palace,1,112.727,115.709,And obviously I think Chelsea are going to progress as the season goes on.
25,england_epl/2015-2016/2015-08-29 - 17-00 Chelsea 1 - 2 Crystal Palace,1,115.729,117.211,So it's set up nicely.
26,england_epl/2015-2016/2015-08-29 - 17-00 Chelsea 1 - 2 Crystal Palace,1,120.672,122.993, And she began the season with a 3-1 away win.
27,england_epl/2015-2016/2015-08-29 - 17-00 Chelsea 1 - 2 Crystal Palace,1,123.614,126.455,A newly promoted Norwich.
28,england_epl/2015-2016/2015-08-29 - 17-00 Chelsea 1 - 2 Crystal Palace,1,128.216,132.078,Ivanovic.
29,england_epl/2015-2016/2015-08-29 - 17-00 Chelsea 1 - 2 Crystal Palace,1,132.718,134.079,Now Macic.
30,england_epl/2015-2016/2015-08-29 - 17-00 Chelsea 1 - 2 Crystal Palace,1,134.139,136.86,Hazard.
31,england_epl/2015-2016/2015-08-29 - 17-00 Chelsea 1 - 2 Crystal Palace,1,139.541,144.124,And Hazard has got a problem here.
32,england_epl/2015-2016/2015-08-29 - 17-00 Chelsea 1 - 2 Crystal Palace,1,144.184,145.424,He just lost his footing there.
33,england_epl/2015-2016/2015-08-29 - 17-00 Chelsea 1 - 2 Crystal Palace,1,147.806,148.386,"Yeah, he just..."
34,england_epl/2015-2016/2015-08-29 - 17-00 Chelsea 1 - 2 Crystal Palace,1,150.037,159.719," Slight groin there, I think, because Khabib put him under a little bit of pressure, tried to nick the ball, just knocked him off balance as he was dribbling, and just shaking himself off a little bit there, Hazard, just looked like he was strained."
35,england_epl/2015-2016/2015-08-29 - 17-00 Chelsea 1 - 2 Crystal Palace,1,161.78,161.94,Keha.
36,england_epl/2015-2016/2015-08-29 - 17-00 Chelsea 1 - 2 Crystal Palace,1,161.96,169.981,Matpalaquetta has seen off all comers in that left-back position for Chelsea.
37,england_epl/2015-2016/2015-08-29 - 17-00 Chelsea 1 - 2 Crystal Palace,1,172.882,173.182,Pedra.
38,england_epl/2015-2016/2015-08-29 - 17-00 Chelsea 1 - 2 Crystal Palace,1,176.192,179.293, Goal for him on his Chelsea debut last weekend.
39,england_epl/2015-2016/2015-08-29 - 17-00 Chelsea 1 - 2 Crystal Palace,1,179.313,181.353,Goal and an assist at West Brom.
40,england_epl/2015-2016/2015-08-29 - 17-00 Chelsea 1 - 2 Crystal Palace,1,185.014,186.794,"Just what they needed, Chelsea, to freshen it up."
41,england_epl/2015-2016/2015-08-29 - 17-00 Chelsea 1 - 2 Crystal Palace,1,186.834,192.515,"Someone with a little bit of pace that, aside from when he's got the ball, when he hasn't got it, he'll get after it straight away."
42,england_epl/2015-2016/2015-08-29 - 17-00 Chelsea 1 - 2 Crystal Palace,1,192.535,194.276,And that's the cue for the rest of the team.
43,england_epl/2015-2016/2015-08-29 - 17-00 Chelsea 1 - 2 Crystal Palace,1,196.696,197.136,Ivanovic.
44,england_epl/2015-2016/2015-08-29 - 17-00 Chelsea 1 - 2 Crystal Palace,1,199.277,199.677,Al-Azhad.
45,england_epl/2015-2016/2015-08-29 - 17-00 Chelsea 1 - 2 Crystal Palace,1,201.537,201.837,Willian.
46,england_epl/2015-2016/2015-08-29 - 17-00 Chelsea 1 - 2 Crystal Palace,1,201.857,204.118,Ivanovic.
47,england_epl/2015-2016/2015-08-29 - 17-00 Chelsea 1 - 2 Crystal Palace,1,205.233,207.315," Ivanovic looking for help, Willian has provided it."
48,england_epl/2015-2016/2015-08-29 - 17-00 Chelsea 1 - 2 Crystal Palace,1,207.335,210.137,Eventually he's dispossessed by Kovac.
49,england_epl/2015-2016/2015-08-29 - 17-00 Chelsea 1 - 2 Crystal Palace,1,210.197,214.781,He's promptly given the ball to Maciej.
50,england_epl/2015-2016/2015-08-29 - 17-00 Chelsea 1 - 2 Crystal Palace,1,215.442,224.029,"Willian, set free by Ivanovic."
51,england_epl/2015-2016/2015-08-29 - 17-00 Chelsea 1 - 2 Crystal Palace,1,224.49,225.591,Ivanovic again.
52,england_epl/2015-2016/2015-08-29 - 17-00 Chelsea 1 - 2 Crystal Palace,1,227.833,235.321," Good play down that right-hand side from Chelsea, Pedro eventually had his shot... I told you we'd be busy, first goal of the afternoon has come at Anfield."
53,england_epl/2015-2016/2015-08-29 - 17-00 Chelsea 1 - 2 Crystal Palace,1,235.521,242.709,"But not for Liverpool, Manuel Lanzini at the back post, scruffy little opener, but West Ham don't care, what a start."
54,england_epl/2015-2016/2015-08-29 - 17-00 Chelsea 1 - 2 Crystal Palace,1,244.071,248.716,"Back to Ivanovic and then he fires over the top as well, but nice and sharp in that last third."
55,england_epl/2015-2016/2015-08-29 - 17-00 Chelsea 1 - 2 Crystal Palace,1,255.461,261.283, How much more business will Chelsea do before the transfer window closes at the start of next week?
56,england_epl/2015-2016/2015-08-29 - 17-00 Chelsea 1 - 2 Crystal Palace,1,263.443,267.084,"Link repeatedly with John Stones, the Everton defender."
57,england_epl/2015-2016/2015-08-29 - 17-00 Chelsea 1 - 2 Crystal Palace,1,267.845,271.586,Talk of the bid going up from just over 20 million to close to 40 million.
58,england_epl/2015-2016/2015-08-29 - 17-00 Chelsea 1 - 2 Crystal Palace,1,271.666,276.287,Everton and their owner Bill Kenwright making it absolutely clear that they're going to hold on to it.
59,england_epl/2015-2016/2015-08-29 - 17-00 Chelsea 1 - 2 Crystal Palace,1,279.977,306.336, further speculation yesterday that Chelsea might also make a move for the French international midfielder Paul Pogba of Juventus such as a revolving door in football Julian Draxler's move from Schalke of Germany to Juventus suggests that there might be an opportunity for the Italians to reach the Champions League final to say goodbye to Pogba
60,england_epl/2015-2016/2015-08-29 - 17-00 Chelsea 1 - 2 Crystal Palace,1,309.619,312.562, Black Armbands today for all the Crystal Palace staff.
61,england_epl/2015-2016/2015-08-29 - 17-00 Chelsea 1 - 2 Crystal Palace,1,314.264,321.552,"Mark of respect for Yannick Balassi's father who died last weekend, but Balassi is on the bench for Palace again today."
62,england_epl/2015-2016/2015-08-29 - 17-00 Chelsea 1 - 2 Crystal Palace,1,323.374,325.796,Both his parents used to watch all his games.
63,england_epl/2015-2016/2015-08-29 - 17-00 Chelsea 1 - 2 Crystal Palace,1,328.879,329.16,Saka.
64,england_epl/2015-2016/2015-08-29 - 17-00 Chelsea 1 - 2 Crystal Palace,1,332.059,333.74, I like the way Palace are lining up.
65,england_epl/2015-2016/2015-08-29 - 17-00 Chelsea 1 - 2 Crystal Palace,1,333.76,336.341,"Conor Wickham up front really, the furthest up front."
66,england_epl/2015-2016/2015-08-29 - 17-00 Chelsea 1 - 2 Crystal Palace,1,336.401,341.504,"He's the spearhead of the attack, but there's plenty of pace in and around him."
67,england_epl/2015-2016/2015-08-29 - 17-00 Chelsea 1 - 2 Crystal Palace,1,341.524,341.804,Saka.
68,england_epl/2015-2016/2015-08-29 - 17-00 Chelsea 1 - 2 Crystal Palace,1,343.005,344.426,Now punching in the central area.
69,england_epl/2015-2016/2015-08-29 - 17-00 Chelsea 1 - 2 Crystal Palace,1,348.448,348.648,Ward.
70,england_epl/2015-2016/2015-08-29 - 17-00 Chelsea 1 - 2 Crystal Palace,1,350.009,350.369,Punching.
71,england_epl/2015-2016/2015-08-29 - 17-00 Chelsea 1 - 2 Crystal Palace,1,350.869,351.89,Giving Matic the slip.
72,england_epl/2015-2016/2015-08-29 - 17-00 Chelsea 1 - 2 Crystal Palace,1,355.712,356.152,Zaha.
73,england_epl/2015-2016/2015-08-29 - 17-00 Chelsea 1 - 2 Crystal Palace,1,357.032,357.953,Taking on Ivanovic.
74,england_epl/2015-2016/2015-08-29 - 17-00 Chelsea 1 - 2 Crystal Palace,1,362.005,389.263, Palace get the corner Well he's been gut at the last couple of weeks hasn't he Ivanovic in that right back spot no doubt they'll target him today one-on-one situations a little bit unlucky here Zaha gets the ball with his feet tries to get to the dead ball line twisting and turning Ivanovic but this time he defends well gets his block in Palace have got that attacking option up there all around Wiccan Palace have shown already this season that they can be inventive with their saclés
75,england_epl/2015-2016/2015-08-29 - 17-00 Chelsea 1 - 2 Crystal Palace,1,390.776,392.017, That is not the best example.
76,england_epl/2015-2016/2015-08-29 - 17-00 Chelsea 1 - 2 Crystal Palace,1,401.022,409.187,"It's very important when you have got that place, the likes of Sacco and Zaha, punching in the middle of the park there, that you have someone who can supply the passes."
77,england_epl/2015-2016/2015-08-29 - 17-00 Chelsea 1 - 2 Crystal Palace,1,409.267,411.928,And the acquisition of Kabay has been outstanding.
78,england_epl/2015-2016/2015-08-29 - 17-00 Chelsea 1 - 2 Crystal Palace,1,412.429,417.632,"He's the one who can see a pass that fraction of a second earlier, and obviously release those players that bit quicker."
79,england_epl/2015-2016/2015-08-29 - 17-00 Chelsea 1 - 2 Crystal Palace,1,422.006,424.067, I worked under Alan Pardew at Newcastle.
80,england_epl/2015-2016/2015-08-29 - 17-00 Chelsea 1 - 2 Crystal Palace,1,424.107,433.932,Wilkins challenge.
81,england_epl/2015-2016/2015-08-29 - 17-00 Chelsea 1 - 2 Crystal Palace,1,437.634,441.856,And you can see a little bit of a changing around in those three behind Costa already.
82,england_epl/2015-2016/2015-08-29 - 17-00 Chelsea 1 - 2 Crystal Palace,1,441.876,443.797,"You've got Pedro, Willian and Hazard."
83,england_epl/2015-2016/2015-08-29 - 17-00 Chelsea 1 - 2 Crystal Palace,1,443.837,445.498,They're gonna rotate.
84,england_epl/2015-2016/2015-08-29 - 17-00 Chelsea 1 - 2 Crystal Palace,1,445.538,449.42,"They won't be like liking to get stuck left, right and middle so to speak."
85,england_epl/2015-2016/2015-08-29 - 17-00 Chelsea 1 - 2 Crystal Palace,1,449.8,451.441,You'll find them rotating during the game.
86,england_epl/2015-2016/2015-08-29 - 17-00 Chelsea 1 - 2 Crystal Palace,1,458.74,463.463, Zuma has really developed at Stamford Bridge in the last 12 months or so.
87,england_epl/2015-2016/2015-08-29 - 17-00 Chelsea 1 - 2 Crystal Palace,1,463.503,466.446,He even made his Premier League debut at this time last year.
88,england_epl/2015-2016/2015-08-29 - 17-00 Chelsea 1 - 2 Crystal Palace,1,466.506,466.626,Matic.
89,england_epl/2015-2016/2015-08-29 - 17-00 Chelsea 1 - 2 Crystal Palace,1,466.646,466.866,Fabregas.
90,england_epl/2015-2016/2015-08-29 - 17-00 Chelsea 1 - 2 Crystal Palace,1,466.886,467.206,Naby Banevic.
91,england_epl/2015-2016/2015-08-29 - 17-00 Chelsea 1 - 2 Crystal Palace,1,487.486,489.848, of course initially gave Palace the advantage.
92,england_epl/2015-2016/2015-08-29 - 17-00 Chelsea 1 - 2 Crystal Palace,1,489.868,498.997,"Good start for Palestone, they were only just coming up to the 8 minute mark, but they've started really well on the front foot."
93,england_epl/2015-2016/2015-08-29 - 17-00 Chelsea 1 - 2 Crystal Palace,1,499.857,506.403,"Trying to close Chelsea down, they're trying to meet them high as well, they're not allowing Chelsea to have possession easy in that back line."
94,england_epl/2015-2016/2015-08-29 - 17-00 Chelsea 1 - 2 Crystal Palace,1,506.423,513.19,"Every time Macic gets the ball someone gets around him, because Macic is the one that starts it off and they have to stop that supply."
95,england_epl/2015-2016/2015-08-29 - 17-00 Chelsea 1 - 2 Crystal Palace,1,524.431,548.594," Let's aim towards Wicca And jump by Maciej Diego Costa Too many of these anymore, direct from a free kick, but Sunderland have just come up with one The away teams are at it again, Yan and Villa this time with a beautifully struck free kick But I'm guessing questions will be asked in the Villa defence Sunderland lead 1-0"
96,england_epl/2015-2016/2015-08-29 - 17-00 Chelsea 1 - 2 Crystal Palace,1,550.743,580.403, and then for fixture which you saw in October of last year was one which was marked by a couple of dismissals Delaney sent off for Palace and Aspela Queta for Chelsea and again that was refereed by today's referee Craig Thorson yeah and I think both the decisions were correct ones the two sending offs one for Delaney obviously and Aspela Queta he's was a straight red but it was a good game of football I must admit and I don't think this one's going to be any different today
97,england_epl/2015-2016/2015-08-29 - 17-00 Chelsea 1 - 2 Crystal Palace,1,582.619,598.733, has changed the palace since then was in charge i was taking a change of direction in the new year when they turned to alim khaji how's that and again by zoom up
98,england_epl/2015-2016/2015-08-29 - 17-00 Chelsea 1 - 2 Crystal Palace,1,612.469,615.51, Pedra.
99,england_epl/2015-2016/2015-08-29 - 17-00 Chelsea 1 - 2 Crystal Palace,1,615.53,617.21,"Nice old Barcelona buddy, Fabregas."
100,england_epl/2015-2016/2015-08-29 - 17-00 Chelsea 1 - 2 Crystal Palace,1,618.911,619.451,Pedra again.
101,england_epl/2015-2016/2015-08-29 - 17-00 Chelsea 1 - 2 Crystal Palace,1,621.231,623.032,This is where Palace has just dropped off now.
102,england_epl/2015-2016/2015-08-29 - 17-00 Chelsea 1 - 2 Crystal Palace,1,623.052,624.312,Just dropped off a little bit deeper.
103,england_epl/2015-2016/2015-08-29 - 17-00 Chelsea 1 - 2 Crystal Palace,1,624.332,627.433,"When Chelsea have got good possession, then they have to drop off."
104,england_epl/2015-2016/2015-08-29 - 17-00 Chelsea 1 - 2 Crystal Palace,1,628.193,630.253,And you've got to stop Chelsea getting in between the lines.
105,england_epl/2015-2016/2015-08-29 - 17-00 Chelsea 1 - 2 Crystal Palace,1,632.734,633.014,Willian.
106,england_epl/2015-2016/2015-08-29 - 17-00 Chelsea 1 - 2 Crystal Palace,1,639.156,640.596,Super pass for a pass by Willian.
107,england_epl/2015-2016/2015-08-29 - 17-00 Chelsea 1 - 2 Crystal Palace,1,641.681,667.013," Fabregas Azave for 1-1 at Villa Park, penalty Great chance to respond, haven't held the league long enough Lee Katamol with a ridiculous challenge giving away the penalty Sinclair fresh from his goal scoring exploits in midweek No problem, 1-1 Diego Costa"
108,england_epl/2015-2016/2015-08-29 - 17-00 Chelsea 1 - 2 Crystal Palace,1,673.681,677.683," Lots of good Chelsea passing, but really can't get in between the Palace players there."
109,england_epl/2015-2016/2015-08-29 - 17-00 Chelsea 1 - 2 Crystal Palace,1,677.703,678.623,That's good defending.
110,england_epl/2015-2016/2015-08-29 - 17-00 Chelsea 1 - 2 Crystal Palace,1,680.184,684.686,"This is what they don't want, Palace, to leave Connor Wickham isolated against the two, Zouma and Keo."
111,england_epl/2015-2016/2015-08-29 - 17-00 Chelsea 1 - 2 Crystal Palace,1,686.467,692.43,"Even when they break play up, they've got to be brave and try to pass it out, rather than trying to hit the front man straight away, who's going to become isolated."
112,england_epl/2015-2016/2015-08-29 - 17-00 Chelsea 1 - 2 Crystal Palace,1,700.538,704.681, What a wicket he scored for Sunderland here in the early part of last year.
113,england_epl/2015-2016/2015-08-29 - 17-00 Chelsea 1 - 2 Crystal Palace,1,705.402,709.966,The one and only defeat inflicted on Jose Mourinho's Chelsea.
114,england_epl/2015-2016/2015-08-29 - 17-00 Chelsea 1 - 2 Crystal Palace,1,709.986,713.869,A home defeat in his two spells as a manager in the Premier League.
115,england_epl/2015-2016/2015-08-29 - 17-00 Chelsea 1 - 2 Crystal Palace,1,715.59,722.816,This is his 100th home fixture and to complete the symmetry it's his 200th game in the Premier League in charge of Chelsea.
116,england_epl/2015-2016/2015-08-29 - 17-00 Chelsea 1 - 2 Crystal Palace,1,727.66,728.161,Fabregas.
117,england_epl/2015-2016/2015-08-29 - 17-00 Chelsea 1 - 2 Crystal Palace,1,733.609,734.009, Brilliant.
118,england_epl/2015-2016/2015-08-29 - 17-00 Chelsea 1 - 2 Crystal Palace,1,734.209,734.71,There's no way to go.
119,england_epl/2015-2016/2015-08-29 - 17-00 Chelsea 1 - 2 Crystal Palace,1,734.73,735.33,Sacco dispossessed.
120,england_epl/2015-2016/2015-08-29 - 17-00 Chelsea 1 - 2 Crystal Palace,1,749.428,750.368, First shot on target.
121,england_epl/2015-2016/2015-08-29 - 17-00 Chelsea 1 - 2 Crystal Palace,1,751.269,754.53,"Yeah, no real danger for the keeper there."
122,england_epl/2015-2016/2015-08-29 - 17-00 Chelsea 1 - 2 Crystal Palace,1,754.791,758.913,"McCarthy, that was an easy one to pick up, but again, Chelsea trying to move the ball about."
123,england_epl/2015-2016/2015-08-29 - 17-00 Chelsea 1 - 2 Crystal Palace,1,759.173,762.574,"Palace just got caught in possession there, but that shouldn't frighten them."
124,england_epl/2015-2016/2015-08-29 - 17-00 Chelsea 1 - 2 Crystal Palace,1,762.594,763.835,They've still got to play their way out.
125,england_epl/2015-2016/2015-08-29 - 17-00 Chelsea 1 - 2 Crystal Palace,1,768.677,775.18,He didn't put any shoulder into that.
126,england_epl/2015-2016/2015-08-29 - 17-00 Chelsea 1 - 2 Crystal Palace,1,776.781,777.301,"Oh, dear."
127,england_epl/2015-2016/2015-08-29 - 17-00 Chelsea 1 - 2 Crystal Palace,1,777.341,778.082,Palace free kick.
128,england_epl/2015-2016/2015-08-29 - 17-00 Chelsea 1 - 2 Crystal Palace,1,779.158,781.739, That's a free kick which has irritated Jose Mourinho.
129,england_epl/2015-2016/2015-08-29 - 17-00 Chelsea 1 - 2 Crystal Palace,1,788.32,790.921,Sometimes I feel it's a little bit of an act down there for Jose.
130,england_epl/2015-2016/2015-08-29 - 17-00 Chelsea 1 - 2 Crystal Palace,1,791.001,792.961,"And he's acting for his own purposes, the team."
131,england_epl/2015-2016/2015-08-29 - 17-00 Chelsea 1 - 2 Crystal Palace,1,793.602,795.242,Trying to show his commitment to the team.
132,england_epl/2015-2016/2015-08-29 - 17-00 Chelsea 1 - 2 Crystal Palace,1,795.262,796.722,I think this is clearly a foul.
133,england_epl/2015-2016/2015-08-29 - 17-00 Chelsea 1 - 2 Crystal Palace,1,796.742,799.423,"Look, Willian just pushes into Ward."
134,england_epl/2015-2016/2015-08-29 - 17-00 Chelsea 1 - 2 Crystal Palace,1,799.463,805.064,"That's clearly a foul, so I don't think we can have any grumbles there, but... Just trying to show his commitment to the team and the course."
135,england_epl/2015-2016/2015-08-29 - 17-00 Chelsea 1 - 2 Crystal Palace,1,806.105,806.905,Trying to get him going.
136,england_epl/2015-2016/2015-08-29 - 17-00 Chelsea 1 - 2 Crystal Palace,1,809.974,814.115," That's what the manager was saying this week, that Chelsea are the team that everybody loves to see beaten."
137,england_epl/2015-2016/2015-08-29 - 17-00 Chelsea 1 - 2 Crystal Palace,1,814.135,815.395,"Of course, in that siege mentality."
138,england_epl/2015-2016/2015-08-29 - 17-00 Chelsea 1 - 2 Crystal Palace,1,815.415,815.676,In by Hazard.
139,england_epl/2015-2016/2015-08-29 - 17-00 Chelsea 1 - 2 Crystal Palace,1,815.736,816.376,Half of the quarter.
140,england_epl/2015-2016/2015-08-29 - 17-00 Chelsea 1 - 2 Crystal Palace,1,845.612,846.453, Ambitious from William.
141,england_epl/2015-2016/2015-08-29 - 17-00 Chelsea 1 - 2 Crystal Palace,1,847.994,851.096,"Well, we don't mind having a go, but he's not got that great a goal-scoring record."
142,england_epl/2015-2016/2015-08-29 - 17-00 Chelsea 1 - 2 Crystal Palace,1,851.136,856.16,"I think he's a super player for Chelsea, whether he plays right or right left or middle in the three behind Costa."
143,england_epl/2015-2016/2015-08-29 - 17-00 Chelsea 1 - 2 Crystal Palace,1,856.76,862.825,"Certainly works hard, gets after the ball, is good on the ball, but that finishing shot or pass has got to improve."
144,england_epl/2015-2016/2015-08-29 - 17-00 Chelsea 1 - 2 Crystal Palace,1,862.845,870.551,"He's a quality player, but the real top, top quality players are judged by their final ball or their final strike on goal."
145,england_epl/2015-2016/2015-08-29 - 17-00 Chelsea 1 - 2 Crystal Palace,1,872.64,896.674, trying to claim a goal on the opening weekend when chelsea were held here 2-2 by swansea it was credited as a federico fernandez own goal eventually jose marino there trying to brush away a little bit of perspiration from under his eyes it is a hot and sticky afternoon in west london
146,england_epl/2015-2016/2015-08-29 - 17-00 Chelsea 1 - 2 Crystal Palace,1,903.228,928.263, to respite this week for wilfred zahe played 90 minutes plus extra time for phallus on tuesday when they defeated shrewsbury in the league cup
147,england_epl/2015-2016/2015-08-29 - 17-00 Chelsea 1 - 2 Crystal Palace,1,931.263,939.996, Chelsea have had a full week to prepare but they will lose a few from the training ground at Cobham this week as we do have another international break
148,england_epl/2015-2016/2015-08-29 - 17-00 Chelsea 1 - 2 Crystal Palace,1,945.828,949.25," It does mean that there is a very disjointed start to the Premier League campaign, doesn't it?"
149,england_epl/2015-2016/2015-08-29 - 17-00 Chelsea 1 - 2 Crystal Palace,1,949.29,958.914,"With the transfer window closing at the end of August, and then no sooner have we got four fixtures out the way that there is another breather for two rounds of internationals."
150,england_epl/2015-2016/2015-08-29 - 17-00 Chelsea 1 - 2 Crystal Palace,1,959.354,962.516,"That's why it was important to get off to a quick start, which Chelsea haven't done."
151,england_epl/2015-2016/2015-08-29 - 17-00 Chelsea 1 - 2 Crystal Palace,1,962.536,973.301,"They did last season, and when you do get these stuttering starts to the season that we've had, it's so, so important to bag a few wins early on and then just kick on from there."
152,england_epl/2015-2016/2015-08-29 - 17-00 Chelsea 1 - 2 Crystal Palace,1,973.481,975.002,They're in the bag.
153,england_epl/2015-2016/2015-08-29 - 17-00 Chelsea 1 - 2 Crystal Palace,1,976.206,984.888," And then you go on, but Chelsea have put themselves in a little bit of a position at the moment, because you can't see City slipping up much of looking like they've got to win everything."
154,england_epl/2015-2016/2015-08-29 - 17-00 Chelsea 1 - 2 Crystal Palace,1,988.748,997.17,Brilliant.
155,england_epl/2015-2016/2015-08-29 - 17-00 Chelsea 1 - 2 Crystal Palace,1,997.25,1000.65,Have to look back there.
156,england_epl/2015-2016/2015-08-29 - 17-00 Chelsea 1 - 2 Crystal Palace,1,1000.67,1004.051,Diego Costa has been very much on the periphery of the game so far.
157,england_epl/2015-2016/2015-08-29 - 17-00 Chelsea 1 - 2 Crystal Palace,1,1012.619,1018.005, The two Chelsea supporters have had their grumbles about when the squad returned for pre-season training.
158,england_epl/2015-2016/2015-08-29 - 17-00 Chelsea 1 - 2 Crystal Palace,1,1018.046,1024.954,It wasn't until the 16th of July that Chelsea started their preparations.
159,england_epl/2015-2016/2015-08-29 - 17-00 Chelsea 1 - 2 Crystal Palace,1,1024.974,1029.72,"They went to the United States, they were involved in the International Champions Cup tournament."
160,england_epl/2015-2016/2015-08-29 - 17-00 Chelsea 1 - 2 Crystal Palace,1,1041.459,1049.122," I always find pre-season really difficult, especially when it's in European Championships or World Cup years, and now these clubs are travelling far and wide."
161,england_epl/2015-2016/2015-08-29 - 17-00 Chelsea 1 - 2 Crystal Palace,1,1049.222,1053.344,"I say they don't want too many games, yet they're travelling."
162,england_epl/2015-2016/2015-08-29 - 17-00 Chelsea 1 - 2 Crystal Palace,1,1053.884,1054.985,That can do you in alone.
163,england_epl/2015-2016/2015-08-29 - 17-00 Chelsea 1 - 2 Crystal Palace,1,1060.227,1060.527,Suarek.
164,england_epl/2015-2016/2015-08-29 - 17-00 Chelsea 1 - 2 Crystal Palace,1,1063.928,1064.268,Zaha.
165,england_epl/2015-2016/2015-08-29 - 17-00 Chelsea 1 - 2 Crystal Palace,1,1067.45,1067.91,Isako.
166,england_epl/2015-2016/2015-08-29 - 17-00 Chelsea 1 - 2 Crystal Palace,1,1085.938,1086.629, Hit by Suarez.
167,england_epl/2015-2016/2015-08-29 - 17-00 Chelsea 1 - 2 Crystal Palace,1,1107.202,1116.387," Interesting the teams now, they let the centre-halves have the ball, centre-backs in Zuma and Cahill, and they tend to sit in and around Matic, because Matic can run it that vital five yards."
168,england_epl/2015-2016/2015-08-29 - 17-00 Chelsea 1 - 2 Crystal Palace,1,1116.467,1120.509,"I think centre-backs should take the ascendancy like here, and run the ball in there."
169,england_epl/2015-2016/2015-08-29 - 17-00 Chelsea 1 - 2 Crystal Palace,1,1121.269,1126.732,"Don't be afraid, then you can make more than a one-on-one situation."
170,england_epl/2015-2016/2015-08-29 - 17-00 Chelsea 1 - 2 Crystal Palace,1,1129.073,1129.374,Brilliant.
171,england_epl/2015-2016/2015-08-29 - 17-00 Chelsea 1 - 2 Crystal Palace,1,1131.695,1133.676,"Here's Pedro, support arriving."
172,england_epl/2015-2016/2015-08-29 - 17-00 Chelsea 1 - 2 Crystal Palace,1,1137.005,1138.586, Wasn't far away from Pedro.
173,england_epl/2015-2016/2015-08-29 - 17-00 Chelsea 1 - 2 Crystal Palace,1,1138.686,1140.046,Used Ivanovic as decoy.
174,england_epl/2015-2016/2015-08-29 - 17-00 Chelsea 1 - 2 Crystal Palace,1,1140.066,1141.107,Duck on the outside.
175,england_epl/2015-2016/2015-08-29 - 17-00 Chelsea 1 - 2 Crystal Palace,1,1141.627,1143.728,Ivanovic charged up 30-40 yards.
176,england_epl/2015-2016/2015-08-29 - 17-00 Chelsea 1 - 2 Crystal Palace,1,1143.788,1145.268,That allowed him space to come in.
177,england_epl/2015-2016/2015-08-29 - 17-00 Chelsea 1 - 2 Crystal Palace,1,1146.409,1148.99,"When he comes in, you expect him really to be hitting the target."
178,england_epl/2015-2016/2015-08-29 - 17-00 Chelsea 1 - 2 Crystal Palace,1,1149.15,1150.811,You can see as the ball switch from Willian.
179,england_epl/2015-2016/2015-08-29 - 17-00 Chelsea 1 - 2 Crystal Palace,1,1150.931,1152.471,Watch Ivanovic round the outside.
180,england_epl/2015-2016/2015-08-29 - 17-00 Chelsea 1 - 2 Crystal Palace,1,1152.911,1154.572,That allows him to come in on Soirée.
181,england_epl/2015-2016/2015-08-29 - 17-00 Chelsea 1 - 2 Crystal Palace,1,1155.312,1157.693,And I think McCarthy's just looking at this one.
182,england_epl/2015-2016/2015-08-29 - 17-00 Chelsea 1 - 2 Crystal Palace,1,1158.233,1160.174,Hoping that he's not nestling in the back of the net.
183,england_epl/2015-2016/2015-08-29 - 17-00 Chelsea 1 - 2 Crystal Palace,1,1161.235,1162.035,He wasn't far away.
184,england_epl/2015-2016/2015-08-29 - 17-00 Chelsea 1 - 2 Crystal Palace,1,1166.243,1169.404," Pedro, who returned to Barcelona on Monday to say his goodbyes."
185,england_epl/2015-2016/2015-08-29 - 17-00 Chelsea 1 - 2 Crystal Palace,1,1170.444,1178.107,"Ponce are making it absolutely clear that when he draws a line under his career, he will be welcomed back in whatever capacity he wants to serve the club."
186,england_epl/2015-2016/2015-08-29 - 17-00 Chelsea 1 - 2 Crystal Palace,1,1178.547,1179.527,Diego Costa now.
187,england_epl/2015-2016/2015-08-29 - 17-00 Chelsea 1 - 2 Crystal Palace,1,1181.388,1183.168,Chelsea get that corner.
188,england_epl/2015-2016/2015-08-29 - 17-00 Chelsea 1 - 2 Crystal Palace,1,1183.208,1186.749,"Good defending Delaney, got isolated in a one-on-one situation."
189,england_epl/2015-2016/2015-08-29 - 17-00 Chelsea 1 - 2 Crystal Palace,1,1186.769,1191.631,"Centre-backs don't like being drag-wired, but the important thing is you block the cross and he did."
190,england_epl/2015-2016/2015-08-29 - 17-00 Chelsea 1 - 2 Crystal Palace,1,1202.199,1202.879, Matic in there.
191,england_epl/2015-2016/2015-08-29 - 17-00 Chelsea 1 - 2 Crystal Palace,1,1203.539,1204.18,Zouma in there.
192,england_epl/2015-2016/2015-08-29 - 17-00 Chelsea 1 - 2 Crystal Palace,1,1205.28,1206.08,Ivanovic ready to make his move.
193,england_epl/2015-2016/2015-08-29 - 17-00 Chelsea 1 - 2 Crystal Palace,1,1206.1,1206.441,Brilliant.
194,england_epl/2015-2016/2015-08-29 - 17-00 Chelsea 1 - 2 Crystal Palace,1,1210.882,1226.288,"Well, we get so many of these crowded situations in the penalty area and Zouma's claiming a pen."
195,england_epl/2015-2016/2015-08-29 - 17-00 Chelsea 1 - 2 Crystal Palace,1,1226.848,1228.108,Was he fouled by Konowik?
196,england_epl/2015-2016/2015-08-29 - 17-00 Chelsea 1 - 2 Crystal Palace,1,1228.188,1229.729,"And there he is, he's tussling for the ball."
197,england_epl/2015-2016/2015-08-29 - 17-00 Chelsea 1 - 2 Crystal Palace,1,1231.015,1232.395, I think that's a difficult one to give.
198,england_epl/2015-2016/2015-08-29 - 17-00 Chelsea 1 - 2 Crystal Palace,1,1233.956,1235.256,Zouma's trying to get over the top.
199,england_epl/2015-2016/2015-08-29 - 17-00 Chelsea 1 - 2 Crystal Palace,1,1235.796,1236.856,Trying to make the most of it.
200,england_epl/2015-2016/2015-08-29 - 17-00 Chelsea 1 - 2 Crystal Palace,1,1242.577,1244.418,Tough one for any referee to make a decision on.
201,england_epl/2015-2016/2015-08-29 - 17-00 Chelsea 1 - 2 Crystal Palace,1,1244.438,1246.678,No doubt the shirt was being held.
202,england_epl/2015-2016/2015-08-29 - 17-00 Chelsea 1 - 2 Crystal Palace,1,1246.698,1254.84,Neatly done by Matic.
203,england_epl/2015-2016/2015-08-29 - 17-00 Chelsea 1 - 2 Crystal Palace,1,1254.86,1255.14,Fabregas.
204,england_epl/2015-2016/2015-08-29 - 17-00 Chelsea 1 - 2 Crystal Palace,1,1261.138,1267.42," Good, Acosta showing that he's not prepared to give up on anything."
205,england_epl/2015-2016/2015-08-29 - 17-00 Chelsea 1 - 2 Crystal Palace,1,1268.54,1270.501,Most unhappy that he was blocked off by Delaney.
206,england_epl/2015-2016/2015-08-29 - 17-00 Chelsea 1 - 2 Crystal Palace,1,1271.061,1278.023,"Well, Mourinho's having to go up the full for Fischl with a tackle down, but a touchline nearby on Edin Hazard, and then Acosta."
207,england_epl/2015-2016/2015-08-29 - 17-00 Chelsea 1 - 2 Crystal Palace,1,1279.004,1282.025,"Steiner trying to get it going a little bit, the game's getting a little bit physical."
208,england_epl/2015-2016/2015-08-29 - 17-00 Chelsea 1 - 2 Crystal Palace,1,1282.045,1283.745,Nothing wrong with that.
209,england_epl/2015-2016/2015-08-29 - 17-00 Chelsea 1 - 2 Crystal Palace,1,1285.406,1289.547,"Hazard, dropped away off the knee of Damian Delaney."
210,england_epl/2015-2016/2015-08-29 - 17-00 Chelsea 1 - 2 Crystal Palace,1,1291.01,1295.752," He's still getting involved with Diego Costa, who's still got an argument with Craig Thorsen, the referee."
211,england_epl/2015-2016/2015-08-29 - 17-00 Chelsea 1 - 2 Crystal Palace,1,1297.392,1299.513,"Well, it wasn't given and you just got to get on with it."
212,england_epl/2015-2016/2015-08-29 - 17-00 Chelsea 1 - 2 Crystal Palace,1,1300.573,1304.055,"There's the foul on Eden Hazard, down by the touchline there."
213,england_epl/2015-2016/2015-08-29 - 17-00 Chelsea 1 - 2 Crystal Palace,1,1304.075,1305.615,Mourinho's on the pitch complaining.
214,england_epl/2015-2016/2015-08-29 - 17-00 Chelsea 1 - 2 Crystal Palace,1,1305.855,1310.077,"And then there was a foul on Costa after that, but just a block off, I think, from Delaney."
215,england_epl/2015-2016/2015-08-29 - 17-00 Chelsea 1 - 2 Crystal Palace,1,1313.298,1315.139,"Kale, the last in the line of Chelsea Blue."
216,england_epl/2015-2016/2015-08-29 - 17-00 Chelsea 1 - 2 Crystal Palace,1,1315.159,1319.1,Helped away by Wickham from Zouma.
217,england_epl/2015-2016/2015-08-29 - 17-00 Chelsea 1 - 2 Crystal Palace,1,1324.575,1326.557, Chelsea free kick.
218,england_epl/2015-2016/2015-08-29 - 17-00 Chelsea 1 - 2 Crystal Palace,1,1326.597,1328.138,"There is a needless foul, Connor Wickham."
219,england_epl/2015-2016/2015-08-29 - 17-00 Chelsea 1 - 2 Crystal Palace,1,1329.199,1330.44,You've got your opponent where you want him.
220,england_epl/2015-2016/2015-08-29 - 17-00 Chelsea 1 - 2 Crystal Palace,1,1330.48,1333.122,"He's facing the touchline, Gary Cahill."
221,england_epl/2015-2016/2015-08-29 - 17-00 Chelsea 1 - 2 Crystal Palace,1,1333.162,1336.525,"He's not exactly going to do a Cruyff turn and get at you, is he?"
222,england_epl/2015-2016/2015-08-29 - 17-00 Chelsea 1 - 2 Crystal Palace,1,1337.166,1338.146,Just let him have it there.
223,england_epl/2015-2016/2015-08-29 - 17-00 Chelsea 1 - 2 Crystal Palace,1,1338.727,1339.988,Giving away a needless free kick.
224,england_epl/2015-2016/2015-08-29 - 17-00 Chelsea 1 - 2 Crystal Palace,1,1346.393,1347.374,Taken short by Matich.
225,england_epl/2015-2016/2015-08-29 - 17-00 Chelsea 1 - 2 Crystal Palace,1,1347.914,1348.174,Willian.
226,england_epl/2015-2016/2015-08-29 - 17-00 Chelsea 1 - 2 Crystal Palace,1,1350.056,1351.097,And McCarthy in trouble again.
227,england_epl/2015-2016/2015-08-29 - 17-00 Chelsea 1 - 2 Crystal Palace,1,1353.595,1355.095," He's got to start hitting the target, William."
228,england_epl/2015-2016/2015-08-29 - 17-00 Chelsea 1 - 2 Crystal Palace,1,1355.115,1358.376,The only one he seems to trouble down here at the bridge is those fans behind the goal.
229,england_epl/2015-2016/2015-08-29 - 17-00 Chelsea 1 - 2 Crystal Palace,1,1359.016,1360.257,"Again, this is quite high."
230,england_epl/2015-2016/2015-08-29 - 17-00 Chelsea 1 - 2 Crystal Palace,1,1360.437,1362.577,"Tries to do a little bit too much with it all the time, I think."
231,england_epl/2015-2016/2015-08-29 - 17-00 Chelsea 1 - 2 Crystal Palace,1,1362.597,1363.578,He's got to concentrate.
232,england_epl/2015-2016/2015-08-29 - 17-00 Chelsea 1 - 2 Crystal Palace,1,1364.238,1365.098,Hitting that target.
233,england_epl/2015-2016/2015-08-29 - 17-00 Chelsea 1 - 2 Crystal Palace,1,1366.318,1368.599,He's the person who gets in the most shooting positions yet.
234,england_epl/2015-2016/2015-08-29 - 17-00 Chelsea 1 - 2 Crystal Palace,1,1369.419,1370.819,Rarely does he hit that target.
235,england_epl/2015-2016/2015-08-29 - 17-00 Chelsea 1 - 2 Crystal Palace,1,1374.2,1380.582,Another of those who didn't have too much of a holiday in the summer because he was away with Brazil on
236,england_epl/2015-2016/2015-08-29 - 17-00 Chelsea 1 - 2 Crystal Palace,1,1382.182,1383.824, of the Copa America in Chile.
237,england_epl/2015-2016/2015-08-29 - 17-00 Chelsea 1 - 2 Crystal Palace,1,1383.884,1388.169,Brazil reached the quarterfinals before bowing out.
238,england_epl/2015-2016/2015-08-29 - 17-00 Chelsea 1 - 2 Crystal Palace,1,1391.652,1398.259,This guy didn't make the tournament because of the injury which he picked up at the end of the last Premier League campaign.
239,england_epl/2015-2016/2015-08-29 - 17-00 Chelsea 1 - 2 Crystal Palace,1,1398.279,1398.419,Zaha.
240,england_epl/2015-2016/2015-08-29 - 17-00 Chelsea 1 - 2 Crystal Palace,1,1401.222,1401.363,Zaha.
241,england_epl/2015-2016/2015-08-29 - 17-00 Chelsea 1 - 2 Crystal Palace,1,1409.542,1412.306, Delaney getting a dose of his own medicine from Diego Costa.
242,england_epl/2015-2016/2015-08-29 - 17-00 Chelsea 1 - 2 Crystal Palace,1,1413.428,1414.589,He's not moaning about it.
243,england_epl/2015-2016/2015-08-29 - 17-00 Chelsea 1 - 2 Crystal Palace,1,1414.629,1415.37,There's the difference.
244,england_epl/2015-2016/2015-08-29 - 17-00 Chelsea 1 - 2 Crystal Palace,1,1416.031,1416.712,He'll accept that.
245,england_epl/2015-2016/2015-08-29 - 17-00 Chelsea 1 - 2 Crystal Palace,1,1420.177,1420.597,Fabregas.
246,england_epl/2015-2016/2015-08-29 - 17-00 Chelsea 1 - 2 Crystal Palace,1,1439.5,1445.123, Diego Costa.
247,england_epl/2015-2016/2015-08-29 - 17-00 Chelsea 1 - 2 Crystal Palace,1,1445.143,1448.864,"A hat-trick last week, and Callum Wilson has got another one for Bournemouth."
248,england_epl/2015-2016/2015-08-29 - 17-00 Chelsea 1 - 2 Crystal Palace,1,1449.204,1450.265,This is proper striking.
249,england_epl/2015-2016/2015-08-29 - 17-00 Chelsea 1 - 2 Crystal Palace,1,1450.445,1451.866,He needs something out of nothing.
250,england_epl/2015-2016/2015-08-29 - 17-00 Chelsea 1 - 2 Crystal Palace,1,1451.946,1453.506,Wonderful little overhead kick.
251,england_epl/2015-2016/2015-08-29 - 17-00 Chelsea 1 - 2 Crystal Palace,1,1454.047,1459.949,Hits it perfectly.
252,england_epl/2015-2016/2015-08-29 - 17-00 Chelsea 1 - 2 Crystal Palace,1,1459.989,1461.35,That seems right as well.
253,england_epl/2015-2016/2015-08-29 - 17-00 Chelsea 1 - 2 Crystal Palace,1,1461.77,1463.191,"Simona there, left in a heaping."
254,england_epl/2015-2016/2015-08-29 - 17-00 Chelsea 1 - 2 Crystal Palace,1,1464.011,1468.153,"Looking the assistant on the far side, Scott Ledger, anticipating a free kick."
255,england_epl/2015-2016/2015-08-29 - 17-00 Chelsea 1 - 2 Crystal Palace,1,1470.532,1495.778," Sakho Turned away by Kertoua Real zip in the shot from back of Sakho and Kertoua had to react That's where they're going to try and exploit in and in behind Ivanovic when he's gone forward They break quickly, Ivanovic is upfield He's got no option, he's got to shoot, he goes to the near post Good save with his feet by Courtois The break was so quick nobody could get up and support but again dangerous from Palace"
256,england_epl/2015-2016/2015-08-29 - 17-00 Chelsea 1 - 2 Crystal Palace,1,1505.365,1516.09, Sakai almost on the goal line.
257,england_epl/2015-2016/2015-08-29 - 17-00 Chelsea 1 - 2 Crystal Palace,1,1516.11,1516.21,Kabay!
258,england_epl/2015-2016/2015-08-29 - 17-00 Chelsea 1 - 2 Crystal Palace,1,1516.23,1519.932,"Ooh, you'd have put your mogies on him hitting the target, normally such a good strike of the ball."
259,england_epl/2015-2016/2015-08-29 - 17-00 Chelsea 1 - 2 Crystal Palace,1,1519.972,1522.934,"He has a good first touch, but the volley's high and wide."
260,england_epl/2015-2016/2015-08-29 - 17-00 Chelsea 1 - 2 Crystal Palace,1,1528.476,1533.559,Seating the stands and no more for John Terry today following his dismissal at West Brom last weekend.
261,england_epl/2015-2016/2015-08-29 - 17-00 Chelsea 1 - 2 Crystal Palace,1,1541.536,1543.016, I feel it was a red card that was warranted.
262,england_epl/2015-2016/2015-08-29 - 17-00 Chelsea 1 - 2 Crystal Palace,1,1543.797,1545.837,"Yeah, I think it was like any other player."
263,england_epl/2015-2016/2015-08-29 - 17-00 Chelsea 1 - 2 Crystal Palace,1,1546.137,1548.158,I just think John got stuck on the wrong side.
264,england_epl/2015-2016/2015-08-29 - 17-00 Chelsea 1 - 2 Crystal Palace,1,1548.218,1549.999,"He thought his starting position was wrong, Tony."
265,england_epl/2015-2016/2015-08-29 - 17-00 Chelsea 1 - 2 Crystal Palace,1,1553.059,1556.32,Just come at an unfortunate time after he'd been dragged the week before.
266,england_epl/2015-2016/2015-08-29 - 17-00 Chelsea 1 - 2 Crystal Palace,1,1556.34,1560.422,"And then, of course, the press was on him, but he's far from over, John Terry."
267,england_epl/2015-2016/2015-08-29 - 17-00 Chelsea 1 - 2 Crystal Palace,1,1560.442,1560.922,Still a super player.
268,england_epl/2015-2016/2015-08-29 - 17-00 Chelsea 1 - 2 Crystal Palace,1,1560.982,1568.064,I can hardly say yesterday that he feels that Palace might benefit because
269,england_epl/2015-2016/2015-08-29 - 17-00 Chelsea 1 - 2 Crystal Palace,1,1569.124,1577.247," Regardless of what he does in the middle of the Chelsea back line, it's his leadership qualities which Chelsea sometimes miss, and his ability to organise at set plays."
270,england_epl/2015-2016/2015-08-29 - 17-00 Chelsea 1 - 2 Crystal Palace,1,1579.048,1586.911,"Well, there's not many leaders, stroke organisers around in the game now."
271,england_epl/2015-2016/2015-08-29 - 17-00 Chelsea 1 - 2 Crystal Palace,1,1587.011,1587.351,Matic.
272,england_epl/2015-2016/2015-08-29 - 17-00 Chelsea 1 - 2 Crystal Palace,1,1603.257,1603.417, Hands up.
273,england_epl/2015-2016/2015-08-29 - 17-00 Chelsea 1 - 2 Crystal Palace,1,1603.437,1603.917,Helped on again by Pedro.
274,england_epl/2015-2016/2015-08-29 - 17-00 Chelsea 1 - 2 Crystal Palace,1,1603.937,1604.077,Wickham.
275,england_epl/2015-2016/2015-08-29 - 17-00 Chelsea 1 - 2 Crystal Palace,1,1604.097,1604.237,Tension.
276,england_epl/2015-2016/2015-08-29 - 17-00 Chelsea 1 - 2 Crystal Palace,1,1604.257,1604.337,Ward.
277,england_epl/2015-2016/2015-08-29 - 17-00 Chelsea 1 - 2 Crystal Palace,1,1635.93,1636.21, MacArthur.
278,england_epl/2015-2016/2015-08-29 - 17-00 Chelsea 1 - 2 Crystal Palace,1,1636.23,1636.41,Now Cabay.
279,england_epl/2015-2016/2015-08-29 - 17-00 Chelsea 1 - 2 Crystal Palace,1,1636.43,1636.63,Scott down.
280,england_epl/2015-2016/2015-08-29 - 17-00 Chelsea 1 - 2 Crystal Palace,1,1667.046,1670.568, Ward has been one of Palace's most consistent performers.
281,england_epl/2015-2016/2015-08-29 - 17-00 Chelsea 1 - 2 Crystal Palace,1,1673.97,1674.33,Zaha.
282,england_epl/2015-2016/2015-08-29 - 17-00 Chelsea 1 - 2 Crystal Palace,1,1676.971,1677.251,Suarez.
283,england_epl/2015-2016/2015-08-29 - 17-00 Chelsea 1 - 2 Crystal Palace,1,1677.271,1688.637,"That was a great passage of play from Palace, keeping it patiently at the back, exchanging passes, then switching play, getting the crossing, that was some good stuff."
284,england_epl/2015-2016/2015-08-29 - 17-00 Chelsea 1 - 2 Crystal Palace,1,1690.838,1691.879,Pedro with the interception.
285,england_epl/2015-2016/2015-08-29 - 17-00 Chelsea 1 - 2 Crystal Palace,1,1696.073,1699.235, And picking out the pass or trying to pick out the pass for William.
286,england_epl/2015-2016/2015-08-29 - 17-00 Chelsea 1 - 2 Crystal Palace,1,1699.255,1699.675,Zaha.
287,england_epl/2015-2016/2015-08-29 - 17-00 Chelsea 1 - 2 Crystal Palace,1,1699.755,1700.336,Lovely turn by Zaha.
288,england_epl/2015-2016/2015-08-29 - 17-00 Chelsea 1 - 2 Crystal Palace,1,1700.396,1700.596,Khabib!
289,england_epl/2015-2016/2015-08-29 - 17-00 Chelsea 1 - 2 Crystal Palace,1,1700.616,1702.237,"Might get a second chance, and did."
290,england_epl/2015-2016/2015-08-29 - 17-00 Chelsea 1 - 2 Crystal Palace,1,1720.851,1724.193, But surely should have done better with the first opportunity that came his way.
291,england_epl/2015-2016/2015-08-29 - 17-00 Chelsea 1 - 2 Crystal Palace,1,1724.334,1725.314,"Ah, well played Palace."
292,england_epl/2015-2016/2015-08-29 - 17-00 Chelsea 1 - 2 Crystal Palace,1,1725.474,1727.936,That's great football down that left-hand side of theirs.
293,england_epl/2015-2016/2015-08-29 - 17-00 Chelsea 1 - 2 Crystal Palace,1,1728.016,1730.418,"And the right of Chelsea, Ivanovic is having problems."
294,england_epl/2015-2016/2015-08-29 - 17-00 Chelsea 1 - 2 Crystal Palace,1,1731.639,1732.84,"Khabib should score, Tony."
295,england_epl/2015-2016/2015-08-29 - 17-00 Chelsea 1 - 2 Crystal Palace,1,1732.88,1734.601,"Without doubt, should put his foot through that one."
296,england_epl/2015-2016/2015-08-29 - 17-00 Chelsea 1 - 2 Crystal Palace,1,1736.297,1738.138, Sakho offside.
297,england_epl/2015-2016/2015-08-29 - 17-00 Chelsea 1 - 2 Crystal Palace,1,1738.158,1739.318,Zahara in the AMD.
298,england_epl/2015-2016/2015-08-29 - 17-00 Chelsea 1 - 2 Crystal Palace,1,1739.678,1740.799,Another goal at Anfield.
299,england_epl/2015-2016/2015-08-29 - 17-00 Chelsea 1 - 2 Crystal Palace,1,1740.839,1744.34,"Not good news if you're a Liverpool fan, but terrific for Hammers."
300,england_epl/2015-2016/2015-08-29 - 17-00 Chelsea 1 - 2 Crystal Palace,1,1745.021,1748.542,Absolutely shocking defending right across the back from Liverpool.
301,england_epl/2015-2016/2015-08-29 - 17-00 Chelsea 1 - 2 Crystal Palace,1,1748.942,1750.383,Drops out to Mark Noble.
302,england_epl/2015-2016/2015-08-29 - 17-00 Chelsea 1 - 2 Crystal Palace,1,1750.763,1751.543,A true hammer.
303,england_epl/2015-2016/2015-08-29 - 17-00 Chelsea 1 - 2 Crystal Palace,1,1751.643,1753.204,What a really good finish it was.
304,england_epl/2015-2016/2015-08-29 - 17-00 Chelsea 1 - 2 Crystal Palace,1,1753.224,1754.565,2-0 West Ham.
305,england_epl/2015-2016/2015-08-29 - 17-00 Chelsea 1 - 2 Crystal Palace,1,1755.925,1760.347,"Courtois either, but best chance of the game by far and well played Palace."
306,england_epl/2015-2016/2015-08-29 - 17-00 Chelsea 1 - 2 Crystal Palace,1,1762.968,1764.749,Missed opportunity for Yohan Kabay.
307,england_epl/2015-2016/2015-08-29 - 17-00 Chelsea 1 - 2 Crystal Palace,1,1766.015,1773.6, who was frustrated in his time back home in France with Vanessa Germain having joined them from Newcastle United where he played under Alan Barger.
308,england_epl/2015-2016/2015-08-29 - 17-00 Chelsea 1 - 2 Crystal Palace,1,1776.182,1782.867,Didn't feature here or in the other game against Chelsea in the UEFA Champions League last season.
309,england_epl/2015-2016/2015-08-29 - 17-00 Chelsea 1 - 2 Crystal Palace,1,1783.347,1784.208,Wasn't even on the bench.
310,england_epl/2015-2016/2015-08-29 - 17-00 Chelsea 1 - 2 Crystal Palace,1,1789.759,1792.922," Well, I think it's Jose Mourinho more than Alan Pardew that's got the problems."
311,england_epl/2015-2016/2015-08-29 - 17-00 Chelsea 1 - 2 Crystal Palace,1,1792.982,1794.583,Alan said he'd take the game.
312,england_epl/2015-2016/2015-08-29 - 17-00 Chelsea 1 - 2 Crystal Palace,1,1795.444,1804.451,"Spoke to him, he said he'd take the game to Chelsea and he is a manager who's brave and he doesn't mind a gamble and even when he's playing the bigger sides, you'll always get a game from Palace."
313,england_epl/2015-2016/2015-08-29 - 17-00 Chelsea 1 - 2 Crystal Palace,1,1804.471,1808.374,"They always have a go at teams, or indeed any Alan Pardew team."
314,england_epl/2015-2016/2015-08-29 - 17-00 Chelsea 1 - 2 Crystal Palace,1,1808.394,1814.919,"They've had a terrific start here, just coming up to the half hour mark."
315,england_epl/2015-2016/2015-08-29 - 17-00 Chelsea 1 - 2 Crystal Palace,1,1814.939,1815.32,McArthur.
316,england_epl/2015-2016/2015-08-29 - 17-00 Chelsea 1 - 2 Crystal Palace,1,1817.581,1817.922,Sakho.
317,england_epl/2015-2016/2015-08-29 - 17-00 Chelsea 1 - 2 Crystal Palace,1,1820.669,1822.25, Suggesting that that took a deflection.
318,england_epl/2015-2016/2015-08-29 - 17-00 Chelsea 1 - 2 Crystal Palace,1,1823.47,1824.25,"Well, good again."
319,england_epl/2015-2016/2015-08-29 - 17-00 Chelsea 1 - 2 Crystal Palace,1,1825.151,1826.451,Zahara holding the whip.
320,england_epl/2015-2016/2015-08-29 - 17-00 Chelsea 1 - 2 Crystal Palace,1,1826.471,1829.432,"Sacco comes in off the line, finds himself in a pocket."
321,england_epl/2015-2016/2015-08-29 - 17-00 Chelsea 1 - 2 Crystal Palace,1,1829.452,1832.754,"Tries to cut across this one, but just ends up going straight."
322,england_epl/2015-2016/2015-08-29 - 17-00 Chelsea 1 - 2 Crystal Palace,1,1832.974,1836.775,"Doesn't succeed in what he was trying to do, but again, good passage of play."
323,england_epl/2015-2016/2015-08-29 - 17-00 Chelsea 1 - 2 Crystal Palace,1,1837.455,1838.636,Palace passing the ball well.
324,england_epl/2015-2016/2015-08-29 - 17-00 Chelsea 1 - 2 Crystal Palace,1,1849.574,1857.136," Michael Isako, an important summer capture for Crystal Palace, having come to the end of his contract at Wolverhampton Wanderers in the Championship."
325,england_epl/2015-2016/2015-08-29 - 17-00 Chelsea 1 - 2 Crystal Palace,1,1857.156,1866.618,15 goals last season for Wolves and it wasn't a full season because of his involvement in the African Cup of Nations with Marley.
326,england_epl/2015-2016/2015-08-29 - 17-00 Chelsea 1 - 2 Crystal Palace,1,1866.638,1867.058,Ivanovic.
327,england_epl/2015-2016/2015-08-29 - 17-00 Chelsea 1 - 2 Crystal Palace,1,1867.078,1867.498,Matic.
328,england_epl/2015-2016/2015-08-29 - 17-00 Chelsea 1 - 2 Crystal Palace,1,1880.555,1881.235, Fabregas Ripped in by Ivanovic
329,england_epl/2015-2016/2015-08-29 - 17-00 Chelsea 1 - 2 Crystal Palace,1,1899.369,1902.31," Put behind by Ward, it was inviting for Diego Costa."
330,england_epl/2015-2016/2015-08-29 - 17-00 Chelsea 1 - 2 Crystal Palace,1,1902.73,1903.77,"Yeah, great cross, wasn't it?"
331,england_epl/2015-2016/2015-08-29 - 17-00 Chelsea 1 - 2 Crystal Palace,1,1903.81,1914.412,"So he had the right pace and power on it, but it also had great shape on the cross, but unfortunately, there was only Diego Costa in there, but a really good, ripped-in cross from Ivanovic."
332,england_epl/2015-2016/2015-08-29 - 17-00 Chelsea 1 - 2 Crystal Palace,1,1914.452,1914.672,Cahill.
333,england_epl/2015-2016/2015-08-29 - 17-00 Chelsea 1 - 2 Crystal Palace,1,1933.795,1962.271, okay with the face mask for an injury which he picked up at Manchester City where Chelsea would distinctly second best against the 2014 champions 2015 champions with a bit of ground to make up already given their sluggish start yeah you can see it you can see it in this game as well that they're not really sharp they've had a couple of little passages where they've knocked it around quickly but you would say that Palace are as good as them at the moment
334,england_epl/2015-2016/2015-08-29 - 17-00 Chelsea 1 - 2 Crystal Palace,1,1969.224,1969.384, Hazard.
335,england_epl/2015-2016/2015-08-29 - 17-00 Chelsea 1 - 2 Crystal Palace,1,1969.404,1969.504,Pedro.
336,england_epl/2015-2016/2015-08-29 - 17-00 Chelsea 1 - 2 Crystal Palace,1,1969.524,1969.684,Cabregas.
337,england_epl/2015-2016/2015-08-29 - 17-00 Chelsea 1 - 2 Crystal Palace,1,1969.704,1970.084,Here's Willian.
338,england_epl/2015-2016/2015-08-29 - 17-00 Chelsea 1 - 2 Crystal Palace,1,1970.145,1970.485,Off to La Cuerta.
339,england_epl/2015-2016/2015-08-29 - 17-00 Chelsea 1 - 2 Crystal Palace,1,1970.505,1971.065,Willian gets a second chance.
340,england_epl/2015-2016/2015-08-29 - 17-00 Chelsea 1 - 2 Crystal Palace,1,1971.085,1971.605,Can he do better this time?
341,england_epl/2015-2016/2015-08-29 - 17-00 Chelsea 1 - 2 Crystal Palace,1,1971.625,1971.785,Hazard.
342,england_epl/2015-2016/2015-08-29 - 17-00 Chelsea 1 - 2 Crystal Palace,1,1971.805,1971.926,Cahill.
343,england_epl/2015-2016/2015-08-29 - 17-00 Chelsea 1 - 2 Crystal Palace,1,2000.501,2004.125," Well, I think there's a little bit of butt passing there from Chelsea."
344,england_epl/2015-2016/2015-08-29 - 17-00 Chelsea 1 - 2 Crystal Palace,1,2004.165,2017.799,"It's ended up with Gary Cahill, centre-back, having the shot and you'd be quite happy for that if your centre-backs are having shots from 30 yards but Willian, Fabregas, Costa, they all passed up the opportunity and it ended up with Gary Cahill taking the strike."
345,england_epl/2015-2016/2015-08-29 - 17-00 Chelsea 1 - 2 Crystal Palace,1,2037.096,2041.903, She secured the championship with a win here against Crystal Palace at the start of May.
346,england_epl/2015-2016/2015-08-29 - 17-00 Chelsea 1 - 2 Crystal Palace,1,2043.745,2045.748,Fourth Premier League title with three games remaining.
347,england_epl/2015-2016/2015-08-29 - 17-00 Chelsea 1 - 2 Crystal Palace,1,2045.768,2050.115,She's been top of the table since the end of August.
348,england_epl/2015-2016/2015-08-29 - 17-00 Chelsea 1 - 2 Crystal Palace,1,2066.101,2067.142, Fabregas Ivanovic Zaha We can give Fabregas the slip
349,england_epl/2015-2016/2015-08-29 - 17-00 Chelsea 1 - 2 Crystal Palace,1,2102.563,2126.734, That's better from Willian getting to the dead ball line going past Zaha on that far side just showing it then going around him corner to Chelsea but
350,england_epl/2015-2016/2015-08-29 - 17-00 Chelsea 1 - 2 Crystal Palace,1,2128.254,2131.156, I haven't really had that sustained bout of pressure that you normally see at the bridge when teams come down here.
351,england_epl/2015-2016/2015-08-29 - 17-00 Chelsea 1 - 2 Crystal Palace,1,2131.176,2131.316,William.
352,england_epl/2015-2016/2015-08-29 - 17-00 Chelsea 1 - 2 Crystal Palace,1,2131.336,2131.777,That was on target.
353,england_epl/2015-2016/2015-08-29 - 17-00 Chelsea 1 - 2 Crystal Palace,1,2178.8,2179.5, Diego Costa.
354,england_epl/2015-2016/2015-08-29 - 17-00 Chelsea 1 - 2 Crystal Palace,1,2179.62,2180.081,Matic.
355,england_epl/2015-2016/2015-08-29 - 17-00 Chelsea 1 - 2 Crystal Palace,1,2180.101,2180.321,Ljubanovic.
356,england_epl/2015-2016/2015-08-29 - 17-00 Chelsea 1 - 2 Crystal Palace,1,2180.341,2180.521,Willian.
357,england_epl/2015-2016/2015-08-29 - 17-00 Chelsea 1 - 2 Crystal Palace,1,2180.601,2182.282,I thought Budge was in mark if Willian can pick him out.
358,england_epl/2015-2016/2015-08-29 - 17-00 Chelsea 1 - 2 Crystal Palace,1,2208.69,2212.356," Great closing down from Palace, well defended Gary Kaye against Wickham there."
359,england_epl/2015-2016/2015-08-29 - 17-00 Chelsea 1 - 2 Crystal Palace,1,2212.516,2213.017,Good ball.
360,england_epl/2015-2016/2015-08-29 - 17-00 Chelsea 1 - 2 Crystal Palace,1,2215.0,2215.761,Diego Costa.
361,england_epl/2015-2016/2015-08-29 - 17-00 Chelsea 1 - 2 Crystal Palace,1,2218.345,2219.406,Pundit Serrata out of the way.
362,england_epl/2015-2016/2015-08-29 - 17-00 Chelsea 1 - 2 Crystal Palace,1,2227.881,2230.922, Just the first time we've seen Fabregas get his head up and trying it.
363,england_epl/2015-2016/2015-08-29 - 17-00 Chelsea 1 - 2 Crystal Palace,1,2231.683,2236.125,"Diego Costa on the angle, where he just cuts across the ball and peels off the far player."
364,england_epl/2015-2016/2015-08-29 - 17-00 Chelsea 1 - 2 Crystal Palace,1,2236.145,2238.666,"In this case, the fullback Suarez, but he defended it well."
365,england_epl/2015-2016/2015-08-29 - 17-00 Chelsea 1 - 2 Crystal Palace,1,2239.546,2241.847,"Palace, you can see immediately that ball went backwards."
366,england_epl/2015-2016/2015-08-29 - 17-00 Chelsea 1 - 2 Crystal Palace,1,2241.867,2245.269,"They were pressing after the ball, making it really difficult for Chelsea."
367,england_epl/2015-2016/2015-08-29 - 17-00 Chelsea 1 - 2 Crystal Palace,1,2256.574,2256.874,Second.
368,england_epl/2015-2016/2015-08-29 - 17-00 Chelsea 1 - 2 Crystal Palace,1,2272.378,2296.114," Dabregas Ivanovic He's hit up with a gun by Delaney, he's rock solid in the middle of the Tallish backline alongside Scott Dutt He's hitting balls in Ivanovic but there's only one man in there That's Diego Costa and there's three defenders up against him Very difficult to pick him out"
369,england_epl/2015-2016/2015-08-29 - 17-00 Chelsea 1 - 2 Crystal Palace,1,2304.087,2304.187, Pedro.
370,england_epl/2015-2016/2015-08-29 - 17-00 Chelsea 1 - 2 Crystal Palace,1,2304.207,2305.267,The groans around Stamford Bridge are growing.
371,england_epl/2015-2016/2015-08-29 - 17-00 Chelsea 1 - 2 Crystal Palace,1,2305.287,2306.607,Chelsea are normally and failingly patient with their team.
372,england_epl/2015-2016/2015-08-29 - 17-00 Chelsea 1 - 2 Crystal Palace,1,2306.627,2306.788,Ivanovic.
373,england_epl/2015-2016/2015-08-29 - 17-00 Chelsea 1 - 2 Crystal Palace,1,2334.315,2336.977," Fabregas, holding off puncture."
374,england_epl/2015-2016/2015-08-29 - 17-00 Chelsea 1 - 2 Crystal Palace,1,2338.879,2339.46,Aspilicueta.
375,england_epl/2015-2016/2015-08-29 - 17-00 Chelsea 1 - 2 Crystal Palace,1,2342.542,2344.424,Just beyond the reach of Diego Costa.
376,england_epl/2015-2016/2015-08-29 - 17-00 Chelsea 1 - 2 Crystal Palace,1,2345.024,2346.726,I thought Delaney got a touch on this one.
377,england_epl/2015-2016/2015-08-29 - 17-00 Chelsea 1 - 2 Crystal Palace,1,2346.746,2348.748,It was a good ball in from Aspilicueta.
378,england_epl/2015-2016/2015-08-29 - 17-00 Chelsea 1 - 2 Crystal Palace,1,2350.189,2353.772,"Could switch a play from Fabregas, he found Aspilicueta, he's trying to curl it in."
379,england_epl/2015-2016/2015-08-29 - 17-00 Chelsea 1 - 2 Crystal Palace,1,2354.532,2357.395,"It was just a little touch there, otherwise Costa gets to that one."
380,england_epl/2015-2016/2015-08-29 - 17-00 Chelsea 1 - 2 Crystal Palace,1,2358.356,2361.839,And that faintest of touches is just enough to take it off the foot of Costa.
381,england_epl/2015-2016/2015-08-29 - 17-00 Chelsea 1 - 2 Crystal Palace,1,2364.497,2370.162," I think we might be able to see a little bit clearer than that in slow-mo, but there it was, just the slightest of touches."
382,england_epl/2015-2016/2015-08-29 - 17-00 Chelsea 1 - 2 Crystal Palace,1,2373.324,2377.708,Diego Costa made a brilliant start to his Chelsea career.
383,england_epl/2015-2016/2015-08-29 - 17-00 Chelsea 1 - 2 Crystal Palace,1,2383.512,2384.253,Puncture.
384,england_epl/2015-2016/2015-08-29 - 17-00 Chelsea 1 - 2 Crystal Palace,1,2396.067,2396.247, Cavanaugh.
385,england_epl/2015-2016/2015-08-29 - 17-00 Chelsea 1 - 2 Crystal Palace,1,2396.267,2396.507,Now McArthur.
386,england_epl/2015-2016/2015-08-29 - 17-00 Chelsea 1 - 2 Crystal Palace,1,2396.527,2396.647,Suarek.
387,england_epl/2015-2016/2015-08-29 - 17-00 Chelsea 1 - 2 Crystal Palace,1,2396.667,2396.747,Zaha.
388,england_epl/2015-2016/2015-08-29 - 17-00 Chelsea 1 - 2 Crystal Palace,1,2396.767,2396.847,Zaha.
389,england_epl/2015-2016/2015-08-29 - 17-00 Chelsea 1 - 2 Crystal Palace,1,2396.867,2397.328,Put behind for a corner.
390,england_epl/2015-2016/2015-08-29 - 17-00 Chelsea 1 - 2 Crystal Palace,1,2397.348,2398.288,Palace have had plenty of joy in the first half.
391,england_epl/2015-2016/2015-08-29 - 17-00 Chelsea 1 - 2 Crystal Palace,1,2427.688,2429.789, That's where Conor Wickham's got to make a definite run.
392,england_epl/2015-2016/2015-08-29 - 17-00 Chelsea 1 - 2 Crystal Palace,1,2429.809,2431.17,Zaha got to that dead ball line.
393,england_epl/2015-2016/2015-08-29 - 17-00 Chelsea 1 - 2 Crystal Palace,1,2431.21,2433.252,"He got his head up, but Wickham's not making a run."
394,england_epl/2015-2016/2015-08-29 - 17-00 Chelsea 1 - 2 Crystal Palace,1,2433.532,2436.494,"He's either got to go, check out, or go straight for that near post."
395,england_epl/2015-2016/2015-08-29 - 17-00 Chelsea 1 - 2 Crystal Palace,1,2436.914,2440.436,"He got stuck between, and that's when Zaha had to hesitate with the cross."
396,england_epl/2015-2016/2015-08-29 - 17-00 Chelsea 1 - 2 Crystal Palace,1,2441.237,2447.901,Try and make up the cross's mind for him.
397,england_epl/2015-2016/2015-08-29 - 17-00 Chelsea 1 - 2 Crystal Palace,1,2448.601,2451.503,Which training ground routine will Palace turn to here?
398,england_epl/2015-2016/2015-08-29 - 17-00 Chelsea 1 - 2 Crystal Palace,1,2454.985,2455.906,Dunne has made his move.
399,england_epl/2015-2016/2015-08-29 - 17-00 Chelsea 1 - 2 Crystal Palace,1,2460.015,2481.284, Suarez has been charged down fairly by Diego Costa Senegalese fullback thought that there was use of the hand by Diego Costa Azad Diego Costa poured away and brilliantly saved for a second time
400,england_epl/2015-2016/2015-08-29 - 17-00 Chelsea 1 - 2 Crystal Palace,1,2483.049,2488.352, Well McCarthy maybe will be unhappy that he allowed the first shot to drift straight out to Cesc Fabregas.
401,england_epl/2015-2016/2015-08-29 - 17-00 Chelsea 1 - 2 Crystal Palace,1,2488.472,2491.854,Aston Villa have come from behind and lead against Sunderland.
402,england_epl/2015-2016/2015-08-29 - 17-00 Chelsea 1 - 2 Crystal Palace,1,2492.074,2493.175,"When you're hot, you're hot."
403,england_epl/2015-2016/2015-08-29 - 17-00 Chelsea 1 - 2 Crystal Palace,1,2493.355,2498.899,"Scott Sinclair, his fifth goal in four days and Villa do late playing Sunderland."
404,england_epl/2015-2016/2015-08-29 - 17-00 Chelsea 1 - 2 Crystal Palace,1,2500.58,2502.941,Looks like a good strike from Fabregas.
405,england_epl/2015-2016/2015-08-29 - 17-00 Chelsea 1 - 2 Crystal Palace,1,2505.342,2506.623,I think McCarthy does ever so well.
406,england_epl/2015-2016/2015-08-29 - 17-00 Chelsea 1 - 2 Crystal Palace,1,2512.107,2512.567,Matich.
407,england_epl/2015-2016/2015-08-29 - 17-00 Chelsea 1 - 2 Crystal Palace,1,2536.044,2536.184, Pedro.
408,england_epl/2015-2016/2015-08-29 - 17-00 Chelsea 1 - 2 Crystal Palace,1,2536.204,2536.364,William.
409,england_epl/2015-2016/2015-08-29 - 17-00 Chelsea 1 - 2 Crystal Palace,1,2536.484,2536.564,Azad.
410,england_epl/2015-2016/2015-08-29 - 17-00 Chelsea 1 - 2 Crystal Palace,1,2536.584,2536.804,William.
411,england_epl/2015-2016/2015-08-29 - 17-00 Chelsea 1 - 2 Crystal Palace,1,2536.824,2536.984,Fabregas.
412,england_epl/2015-2016/2015-08-29 - 17-00 Chelsea 1 - 2 Crystal Palace,1,2537.084,2537.344,Afiliquete.
413,england_epl/2015-2016/2015-08-29 - 17-00 Chelsea 1 - 2 Crystal Palace,1,2537.364,2537.524,Pedro.
414,england_epl/2015-2016/2015-08-29 - 17-00 Chelsea 1 - 2 Crystal Palace,1,2537.544,2537.725,Now Macic.
415,england_epl/2015-2016/2015-08-29 - 17-00 Chelsea 1 - 2 Crystal Palace,1,2564.898,2566.499, Chelsea continuing to be patient.
416,england_epl/2015-2016/2015-08-29 - 17-00 Chelsea 1 - 2 Crystal Palace,1,2567.579,2569.66,Palace with every bit of our wickham behind the ball.
417,england_epl/2015-2016/2015-08-29 - 17-00 Chelsea 1 - 2 Crystal Palace,1,2570.501,2570.921,Matic.
418,england_epl/2015-2016/2015-08-29 - 17-00 Chelsea 1 - 2 Crystal Palace,1,2571.441,2572.642,Mazy run by Matic.
419,england_epl/2015-2016/2015-08-29 - 17-00 Chelsea 1 - 2 Crystal Palace,1,2574.063,2574.863,Finish let him down.
420,england_epl/2015-2016/2015-08-29 - 17-00 Chelsea 1 - 2 Crystal Palace,1,2576.274,2582.678," But he couldn't get the ball from between his feet, he just couldn't get an angle on it to get a decent strike and ends it passing it to McCarthy."
421,england_epl/2015-2016/2015-08-29 - 17-00 Chelsea 1 - 2 Crystal Palace,1,2582.698,2587.44,"This is the earliest chance, Costa had to shoot here, good strike, good stop low down to his right."
422,england_epl/2015-2016/2015-08-29 - 17-00 Chelsea 1 - 2 Crystal Palace,1,2587.7,2591.122,And there's a combination of Dan and McCarthy to block the second one.
423,england_epl/2015-2016/2015-08-29 - 17-00 Chelsea 1 - 2 Crystal Palace,1,2591.462,2592.463,Good defending Palace.
424,england_epl/2015-2016/2015-08-29 - 17-00 Chelsea 1 - 2 Crystal Palace,1,2593.243,2597.846,"And a good little run from Matic as well, which unfortunately couldn't get any power in the shot."
425,england_epl/2015-2016/2015-08-29 - 17-00 Chelsea 1 - 2 Crystal Palace,1,2605.253,2606.654, Come from ahead for Conor Wickham.
426,england_epl/2015-2016/2015-08-29 - 17-00 Chelsea 1 - 2 Crystal Palace,1,2606.674,2612.496,There's a question mark about his participation because he took a knock in the ribs.
427,england_epl/2015-2016/2015-08-29 - 17-00 Chelsea 1 - 2 Crystal Palace,1,2613.076,2614.697,"Well, here's the double save again."
428,england_epl/2015-2016/2015-08-29 - 17-00 Chelsea 1 - 2 Crystal Palace,1,2614.817,2616.517,One low down to his right and a second one.
429,england_epl/2015-2016/2015-08-29 - 17-00 Chelsea 1 - 2 Crystal Palace,1,2616.537,2618.858,"Yeah, and Dan got a little deflection on it as well."
430,england_epl/2015-2016/2015-08-29 - 17-00 Chelsea 1 - 2 Crystal Palace,1,2619.999,2621.459,Palace throwing the bodies in there.
431,england_epl/2015-2016/2015-08-29 - 17-00 Chelsea 1 - 2 Crystal Palace,1,2621.499,2622.38,Terrific defending.
432,england_epl/2015-2016/2015-08-29 - 17-00 Chelsea 1 - 2 Crystal Palace,1,2622.78,2623.98,"Good stop that is, low down."
433,england_epl/2015-2016/2015-08-29 - 17-00 Chelsea 1 - 2 Crystal Palace,1,2624.64,2625.781,"Not once, but twice."
434,england_epl/2015-2016/2015-08-29 - 17-00 Chelsea 1 - 2 Crystal Palace,1,2633.971,2635.932, Perfect training ground routine for Akita.
435,england_epl/2015-2016/2015-08-29 - 17-00 Chelsea 1 - 2 Crystal Palace,1,2636.433,2639.295,"Down low to one shot, up, across your goal and down low to another one."
436,england_epl/2015-2016/2015-08-29 - 17-00 Chelsea 1 - 2 Crystal Palace,1,2640.395,2651.442,Big shout from Alex McCarthy as well as he comes out to collect the goalkeeper who was playing in West London last season with Queen's Park Rangers before they were relegated.
437,england_epl/2015-2016/2015-08-29 - 17-00 Chelsea 1 - 2 Crystal Palace,1,2682.892,2683.052, Ivanovic.
438,england_epl/2015-2016/2015-08-29 - 17-00 Chelsea 1 - 2 Crystal Palace,1,2683.072,2683.232,Fabregas.
439,england_epl/2015-2016/2015-08-29 - 17-00 Chelsea 1 - 2 Crystal Palace,1,2683.252,2683.353,Pedro.
